net,endpoints,evidence,source,note
V_MOTOR_OUTB,U5.5 ; TP15.1,VISUAL_LOCAL,IMG_2438.jpg,Visible trace; J5 contact assignment remains open.
V_U5_LOGIC_CAP,U5.1 ; C34.1,VISUAL_LOCAL,IMG_2438.jpg,
V_U5_MOTOR_CAP,U5.4 ; C33.1,VISUAL_LOCAL,IMG_2438.jpg,
V_U4_RC3,U4.14 ; TP11.1,VISUAL_LOCAL,IMG_2436.jpg,
V_XTAL_LEFT,U4.9 ; Y1.1 ; C30.1,VISUAL_LOCAL,IMG_2436.jpg,
V_XTAL_RIGHT,U4.10 ; Y1.2 ; C31.2,VISUAL_LOCAL,IMG_2436.jpg,
V_XTAL_CAP_COMMON,C30.2 ; C31.1,VISUAL_LOCAL,IMG_2436.jpg,Ground assignment not assumed from capacitor position.
V_Q1_LEFT,Q1.L ; R43.2,VISUAL_LOCAL,IMG_2438.jpg,
V_Q1_RIGHT,Q1.R ; R44.2,VISUAL_LOCAL,IMG_2438.jpg,
V_U1_LEFT_TOP,U1.L1 ; C1.1,VISUAL_LOCAL,IMG_2430.jpg,
V_U1_RIGHT_TOP,U1.R1 ; C2.1 ; VDD.1,VISUAL_LOCAL,IMG_2430.jpg,
V_U1_RIGHT_BOTTOM,U1.R2 ; R1.2 ; C3.2,VISUAL_LOCAL,IMG_2430.jpg,Empty R1/C3 pads retained; verify especially before assigning regulator type.
V_Q2_SINGLE,Q2.S ; TP16.1,VISUAL_LOCAL,IMG_2435.jpg,
V_TUNE_Q11_DRIVE,R11.2 ; Q11.R,VISUAL_LOCAL,IMG_2433.jpg,
V_TUNE_Q11_CAP,Q11.S ; C46.1,VISUAL_LOCAL,IMG_2433.jpg,
V_TUNE_Q6_DRIVE,R16.2 ; Q6.R,VISUAL_LOCAL,IMG_2433.jpg,
V_TUNE_Q6_CAP,Q6.S ; C43.1,VISUAL_LOCAL,IMG_2433.jpg,
V_TUNE_Q5_DRIVE,R15.2 ; Q5.R,VISUAL_LOCAL,IMG_2433.jpg,
V_TUNE_Q5_CAP,Q5.S ; C16.1,VISUAL_LOCAL,IMG_2433.jpg,
V_TUNE_Q4_DRIVE,R14.2 ; Q4.R,VISUAL_LOCAL,IMG_2433.jpg,
V_TUNE_Q4_CAP,Q4.S ; C13.1,VISUAL_LOCAL,IMG_2433.jpg,
V_TUNE_Q3_DRIVE,R13.2 ; Q3.R,VISUAL_LOCAL,IMG_2433.jpg,
V_TUNE_Q3_CAP,Q3.S ; C10.1,VISUAL_LOCAL,IMG_2433.jpg,
V_U3_SUPPLY_LOCAL,U3.8 ; C24.1,VISUAL_LOCAL,IMG_2429.jpg,
V_U3_OUTA_LOCAL,U3.1 ; R27.2,VISUAL_LOCAL,IMG_2429.jpg;IMG_2434.jpg,
V_U3_INA_MINUS_LOCAL,U3.2 ; R26.2,VISUAL_LOCAL,IMG_2429.jpg,
V_U3_OUTB_LOCAL,U3.7 ; R24.1,VISUAL_LOCAL,IMG_2429.jpg,Short exposed lead to feedback resistor pad; no hidden-node continuation inferred.
V_U3_INB_MINUS_LOCAL,U3.6 ; R24.2,VISUAL_LOCAL,IMG_2429.jpg,
V_U3_INB_PLUS_LOCAL,U3.5 ; C18.1,VISUAL_LOCAL,IMG_2429.jpg,
