id,from_point,to_point_or_search,method,purpose,expectation,result_ohm,matched_pin,notes
M01,PCB GND,U4 pin 8,resistance,Ground reference,UNVERIFIED — record actual reading,,,
M02,PCB GND,U4 pin 19,resistance,Second PIC ground,UNVERIFIED — record actual reading,,,
M03,PCB GND,U5 pin 6,resistance,Driver ground,UNVERIFIED — record actual reading,,,
M04,U5 pin 6,U5 pin 7,resistance,Driver ground pair,UNVERIFIED — record actual reading,,,
M04b,PCB GND (central pad),GND pad near C5 at RF end,resistance,Check the two separately captured physical ground pads,UNVERIFIED — record actual reading,,,
M05,PCB GND,BATTERY minus pad,resistance,Determine whether a protection element separates raw battery negative,UNVERIFIED — record actual reading,,,
M06,PCB VDD test point,U4 pin 20,resistance,PIC supply domain,UNVERIFIED — record actual reading,,,
M07,PCB VDD test point,U5 pin 1,resistance,Check logic-domain sharing; do not confuse U5 VCC and VDD,UNVERIFIED — record actual reading,,,
M08,BATTERY plus pad,U5 pin 4,resistance,Motor supply route,UNVERIFIED — record actual reading,,,
M09,J1 pad labelled CLK,U4 pin 27,resistance,"Verify programming-header net, not a presumed UART",UNVERIFIED — record actual reading,,,
M10,J1 pad labelled DAT,U4 pin 28,resistance,"Verify programming-header net, not a presumed UART",UNVERIFIED — record actual reading,,,
M11,J1 pad labelled GND,U4 pin 8,resistance,"Verify programming-header net, not a presumed UART",UNVERIFIED — record actual reading,,,
M12,J1 pad labelled VDD,U4 pin 20,resistance,"Verify programming-header net, not a presumed UART",UNVERIFIED — record actual reading,,,
M13,J1 pad labelled VPP,U4 pin 1,resistance,"Verify programming-header net, not a presumed UART",UNVERIFIED — record actual reading,,,
M14,U5 pin 5,TP15,resistance,Verify local photo trace and pin orientation,UNVERIFIED — record actual reading,,,
M15,U5 pin 5 then pin 8,Both J5 motor connector contacts,find direct trace; record contact description,Identify both motor output contacts,UNVERIFIED — record actual reading,,,
M16,U5 pin 2 (INA),"U4 pins 2–7, 11–18 and 21–28; stop on a stable near-probe-resistance match. Record NONE if no match.","resistance search, not beep alone",Find first hidden PIC-to-driver connection,UNVERIFIED — record actual reading,,,
M17,U5 pin 3 (INB),"U4 pins 2–7, 11–18 and 21–28; stop on a stable near-probe-resistance match. Record NONE if no match.","resistance search, not beep alone",Find second hidden PIC-to-driver connection,UNVERIFIED — record actual reading,,,
M18,U3 pin 8,PCB VDD test point,resistance,Op-amp positive supply domain,UNVERIFIED — record actual reading,,,
M19,U3 pin 4,PCB GND,resistance,Op-amp negative supply domain,UNVERIFIED — record actual reading,,,
M20,J3 pin 3 (black wire),PCB GND,resistance,Sensor-cable ground candidate,UNVERIFIED — record actual reading,,,
M21,J3 pin 1 (red wire),PCB VDD test point,resistance,Sensor-cable supply candidate,UNVERIFIED — record actual reading,,,
M22,U1 upper-right pad in IMG_2430,PCB VDD test point,resistance,Verify visible regulator-region fragment,UNVERIFIED — record actual reading,,,
M23,U1 middle-left pad in IMG_2430,PCB GND,resistance,Resolve unknown five-pin-device ground candidate,UNVERIFIED — record actual reading,,,
