ref,pin,population,status,source
R3,1,populated,UNRESOLVED_NOT_NC,IMG_2436.jpg;IMG_2437.jpg;IMG_2438.jpg
R3,2,populated,UNRESOLVED_NOT_NC,IMG_2436.jpg;IMG_2437.jpg;IMG_2438.jpg
R4,1,populated,UNRESOLVED_NOT_NC,IMG_2436.jpg;IMG_2437.jpg;IMG_2438.jpg
R4,2,populated,UNRESOLVED_NOT_NC,IMG_2436.jpg;IMG_2437.jpg;IMG_2438.jpg
R5,1,populated,UNRESOLVED_NOT_NC,IMG_2431.jpg;IMG_2432.jpg
R5,2,populated,UNRESOLVED_NOT_NC,IMG_2431.jpg;IMG_2432.jpg
R6,1,populated,UNRESOLVED_NOT_NC,IMG_2431.jpg;IMG_2432.jpg
R6,2,populated,UNRESOLVED_NOT_NC,IMG_2431.jpg;IMG_2432.jpg
R7,1,populated,UNRESOLVED_NOT_NC,IMG_2431.jpg;IMG_2432.jpg
R7,2,populated,UNRESOLVED_NOT_NC,IMG_2431.jpg;IMG_2432.jpg
R8,1,populated,UNRESOLVED_NOT_NC,IMG_2431.jpg;IMG_2432.jpg
R8,2,populated,UNRESOLVED_NOT_NC,IMG_2431.jpg;IMG_2432.jpg
R9,1,populated,UNRESOLVED_NOT_NC,IMG_2431.jpg;IMG_2432.jpg
R9,2,populated,UNRESOLVED_NOT_NC,IMG_2431.jpg;IMG_2432.jpg
R10,1,populated,UNRESOLVED_NOT_NC,IMG_2431.jpg;IMG_2432.jpg
R10,2,populated,UNRESOLVED_NOT_NC,IMG_2431.jpg;IMG_2432.jpg
R11,1,populated,UNRESOLVED_NOT_NC,IMG_2433.jpg
R13,1,populated,UNRESOLVED_NOT_NC,IMG_2433.jpg
R14,1,populated,UNRESOLVED_NOT_NC,IMG_2433.jpg
R15,1,populated,UNRESOLVED_NOT_NC,IMG_2433.jpg
R16,1,populated,UNRESOLVED_NOT_NC,IMG_2433.jpg
R18,1,populated,UNRESOLVED_NOT_NC,IMG_2429.jpg;IMG_2434.jpg
R18,2,populated,UNRESOLVED_NOT_NC,IMG_2429.jpg;IMG_2434.jpg
R19,1,populated,UNRESOLVED_NOT_NC,IMG_2429.jpg;IMG_2434.jpg
R19,2,populated,UNRESOLVED_NOT_NC,IMG_2429.jpg;IMG_2434.jpg
R20,1,populated,UNRESOLVED_NOT_NC,IMG_2429.jpg;IMG_2434.jpg
R20,2,populated,UNRESOLVED_NOT_NC,IMG_2429.jpg;IMG_2434.jpg
R21,1,populated,UNRESOLVED_NOT_NC,IMG_2429.jpg;IMG_2434.jpg
R21,2,populated,UNRESOLVED_NOT_NC,IMG_2429.jpg;IMG_2434.jpg
R22,1,populated,UNRESOLVED_NOT_NC,IMG_2429.jpg;IMG_2434.jpg
R22,2,populated,UNRESOLVED_NOT_NC,IMG_2429.jpg;IMG_2434.jpg
R23,1,populated,UNRESOLVED_NOT_NC,IMG_2429.jpg;IMG_2434.jpg
R23,2,populated,UNRESOLVED_NOT_NC,IMG_2429.jpg;IMG_2434.jpg
R25,1,populated,UNRESOLVED_NOT_NC,IMG_2429.jpg;IMG_2434.jpg
R25,2,populated,UNRESOLVED_NOT_NC,IMG_2429.jpg;IMG_2434.jpg
R26,1,populated,UNRESOLVED_NOT_NC,IMG_2429.jpg;IMG_2434.jpg
R27,1,populated,UNRESOLVED_NOT_NC,IMG_2429.jpg;IMG_2434.jpg
R28,1,populated,UNRESOLVED_NOT_NC,IMG_2429.jpg;IMG_2434.jpg
R28,2,populated,UNRESOLVED_NOT_NC,IMG_2429.jpg;IMG_2434.jpg
R29,1,populated,UNRESOLVED_NOT_NC,IMG_2429.jpg;IMG_2434.jpg
R29,2,populated,UNRESOLVED_NOT_NC,IMG_2429.jpg;IMG_2434.jpg
R30,1,populated,UNRESOLVED_NOT_NC,IMG_2431.jpg;IMG_2432.jpg
R30,2,populated,UNRESOLVED_NOT_NC,IMG_2431.jpg;IMG_2432.jpg
R31,1,populated,UNRESOLVED_NOT_NC,IMG_2431.jpg;IMG_2432.jpg
R31,2,populated,UNRESOLVED_NOT_NC,IMG_2431.jpg;IMG_2432.jpg
R32,1,populated,UNRESOLVED_NOT_NC,IMG_2436.jpg;IMG_2437.jpg;IMG_2438.jpg
R32,2,populated,UNRESOLVED_NOT_NC,IMG_2436.jpg;IMG_2437.jpg;IMG_2438.jpg
R33,1,populated,UNRESOLVED_NOT_NC,IMG_2435.jpg
R33,2,populated,UNRESOLVED_NOT_NC,IMG_2435.jpg
R37,1,populated,UNRESOLVED_NOT_NC,IMG_2435.jpg
R37,2,populated,UNRESOLVED_NOT_NC,IMG_2435.jpg
R38,1,populated,UNRESOLVED_NOT_NC,IMG_2435.jpg
R38,2,populated,UNRESOLVED_NOT_NC,IMG_2435.jpg
R39,1,populated,UNRESOLVED_NOT_NC,IMG_2435.jpg
R39,2,populated,UNRESOLVED_NOT_NC,IMG_2435.jpg
R40,1,populated,UNRESOLVED_NOT_NC,IMG_2436.jpg;IMG_2437.jpg;IMG_2438.jpg
R40,2,populated,UNRESOLVED_NOT_NC,IMG_2436.jpg;IMG_2437.jpg;IMG_2438.jpg
R41,1,populated,UNRESOLVED_NOT_NC,IMG_2436.jpg;IMG_2437.jpg;IMG_2438.jpg
R41,2,populated,UNRESOLVED_NOT_NC,IMG_2436.jpg;IMG_2437.jpg;IMG_2438.jpg
R42,1,populated,UNRESOLVED_NOT_NC,IMG_2429.jpg;IMG_2434.jpg
R42,2,populated,UNRESOLVED_NOT_NC,IMG_2429.jpg;IMG_2434.jpg
R43,1,populated,UNRESOLVED_NOT_NC,IMG_2436.jpg;IMG_2437.jpg;IMG_2438.jpg
R44,1,populated,UNRESOLVED_NOT_NC,IMG_2436.jpg;IMG_2437.jpg;IMG_2438.jpg
R48,1,populated,UNRESOLVED_NOT_NC,IMG_2429.jpg;IMG_2434.jpg
R48,2,populated,UNRESOLVED_NOT_NC,IMG_2429.jpg;IMG_2434.jpg
R1,1,DNP,UNRESOLVED_NOT_NC,IMG_2430.jpg;IMG_2434.jpg;IMG_2438.jpg
R2,1,DNP,UNRESOLVED_NOT_NC,IMG_2430.jpg;IMG_2434.jpg;IMG_2438.jpg
R2,2,DNP,UNRESOLVED_NOT_NC,IMG_2430.jpg;IMG_2434.jpg;IMG_2438.jpg
R35,1,DNP,UNRESOLVED_NOT_NC,IMG_2430.jpg;IMG_2434.jpg;IMG_2438.jpg
R35,2,DNP,UNRESOLVED_NOT_NC,IMG_2430.jpg;IMG_2434.jpg;IMG_2438.jpg
R36,1,DNP,UNRESOLVED_NOT_NC,IMG_2430.jpg;IMG_2434.jpg;IMG_2438.jpg
R36,2,DNP,UNRESOLVED_NOT_NC,IMG_2430.jpg;IMG_2434.jpg;IMG_2438.jpg
R46,1,DNP,UNRESOLVED_NOT_NC,IMG_2430.jpg;IMG_2434.jpg;IMG_2438.jpg
R46,2,DNP,UNRESOLVED_NOT_NC,IMG_2430.jpg;IMG_2434.jpg;IMG_2438.jpg
R47,1,DNP,UNRESOLVED_NOT_NC,IMG_2430.jpg;IMG_2434.jpg;IMG_2438.jpg
R47,2,DNP,UNRESOLVED_NOT_NC,IMG_2430.jpg;IMG_2434.jpg;IMG_2438.jpg
C1,2,populated,UNRESOLVED_NOT_NC,IMG_2430.jpg;IMG_2435.jpg
C2,2,populated,UNRESOLVED_NOT_NC,IMG_2430.jpg;IMG_2435.jpg
C3,1,DNP,UNRESOLVED_NOT_NC,IMG_2430.jpg;IMG_2435.jpg
C4,1,DNP,UNRESOLVED_NOT_NC,IMG_2430.jpg;IMG_2435.jpg
C4,2,DNP,UNRESOLVED_NOT_NC,IMG_2430.jpg;IMG_2435.jpg
C5,1,populated,UNRESOLVED_NOT_NC,IMG_2431.jpg;IMG_2432.jpg
C5,2,populated,UNRESOLVED_NOT_NC,IMG_2431.jpg;IMG_2432.jpg
C6,1,populated,UNRESOLVED_NOT_NC,IMG_2431.jpg;IMG_2432.jpg
C6,2,populated,UNRESOLVED_NOT_NC,IMG_2431.jpg;IMG_2432.jpg
C7,1,populated,UNRESOLVED_NOT_NC,IMG_2431.jpg;IMG_2432.jpg
C7,2,populated,UNRESOLVED_NOT_NC,IMG_2431.jpg;IMG_2432.jpg
C8,1,populated,UNRESOLVED_NOT_NC,IMG_2431.jpg;IMG_2432.jpg
C8,2,populated,UNRESOLVED_NOT_NC,IMG_2431.jpg;IMG_2432.jpg
C9,1,populated,UNRESOLVED_NOT_NC,IMG_2431.jpg;IMG_2432.jpg
C9,2,populated,UNRESOLVED_NOT_NC,IMG_2431.jpg;IMG_2432.jpg
C10,2,populated,UNRESOLVED_NOT_NC,IMG_2433.jpg;IMG_2442.jpg
C11,1,populated,UNRESOLVED_NOT_NC,IMG_2433.jpg;IMG_2442.jpg
C11,2,populated,UNRESOLVED_NOT_NC,IMG_2433.jpg;IMG_2442.jpg
C12,1,populated,UNRESOLVED_NOT_NC,IMG_2433.jpg;IMG_2442.jpg
C12,2,populated,UNRESOLVED_NOT_NC,IMG_2433.jpg;IMG_2442.jpg
C13,2,populated,UNRESOLVED_NOT_NC,IMG_2433.jpg;IMG_2442.jpg
C14,1,populated,UNRESOLVED_NOT_NC,IMG_2433.jpg;IMG_2442.jpg
C14,2,populated,UNRESOLVED_NOT_NC,IMG_2433.jpg;IMG_2442.jpg
C15,1,populated,UNRESOLVED_NOT_NC,IMG_2433.jpg;IMG_2442.jpg
C15,2,populated,UNRESOLVED_NOT_NC,IMG_2433.jpg;IMG_2442.jpg
C16,2,populated,UNRESOLVED_NOT_NC,IMG_2433.jpg;IMG_2442.jpg
C17,1,populated,UNRESOLVED_NOT_NC,IMG_2434.jpg
C17,2,populated,UNRESOLVED_NOT_NC,IMG_2434.jpg
C18,2,populated,UNRESOLVED_NOT_NC,IMG_2434.jpg
C19,1,populated,UNRESOLVED_NOT_NC,IMG_2434.jpg
C19,2,populated,UNRESOLVED_NOT_NC,IMG_2434.jpg
C20,1,populated,UNRESOLVED_NOT_NC,IMG_2434.jpg
C20,2,populated,UNRESOLVED_NOT_NC,IMG_2434.jpg
C21,1,populated,UNRESOLVED_NOT_NC,IMG_2434.jpg
C21,2,populated,UNRESOLVED_NOT_NC,IMG_2434.jpg
C22,1,populated,UNRESOLVED_NOT_NC,IMG_2434.jpg
C22,2,populated,UNRESOLVED_NOT_NC,IMG_2434.jpg
C23,1,populated,UNRESOLVED_NOT_NC,IMG_2434.jpg
C23,2,populated,UNRESOLVED_NOT_NC,IMG_2434.jpg
C24,2,populated,UNRESOLVED_NOT_NC,IMG_2434.jpg
C25,1,populated,UNRESOLVED_NOT_NC,IMG_2436.jpg;IMG_2437.jpg;IMG_2438.jpg
C25,2,populated,UNRESOLVED_NOT_NC,IMG_2436.jpg;IMG_2437.jpg;IMG_2438.jpg
C26,1,populated,UNRESOLVED_NOT_NC,IMG_2436.jpg;IMG_2437.jpg;IMG_2438.jpg
C26,2,populated,UNRESOLVED_NOT_NC,IMG_2436.jpg;IMG_2437.jpg;IMG_2438.jpg
C27,1,populated,UNRESOLVED_NOT_NC,IMG_2436.jpg;IMG_2437.jpg;IMG_2438.jpg
C27,2,populated,UNRESOLVED_NOT_NC,IMG_2436.jpg;IMG_2437.jpg;IMG_2438.jpg
C28,1,populated,UNRESOLVED_NOT_NC,IMG_2436.jpg;IMG_2437.jpg;IMG_2438.jpg
C28,2,populated,UNRESOLVED_NOT_NC,IMG_2436.jpg;IMG_2437.jpg;IMG_2438.jpg
C29,1,populated,UNRESOLVED_NOT_NC,IMG_2433.jpg;IMG_2442.jpg
C29,2,populated,UNRESOLVED_NOT_NC,IMG_2433.jpg;IMG_2442.jpg
C32,1,populated,UNRESOLVED_NOT_NC,IMG_2436.jpg;IMG_2437.jpg;IMG_2438.jpg
C32,2,populated,UNRESOLVED_NOT_NC,IMG_2436.jpg;IMG_2437.jpg;IMG_2438.jpg
C33,2,populated,UNRESOLVED_NOT_NC,IMG_2436.jpg;IMG_2437.jpg;IMG_2438.jpg
C34,2,populated,UNRESOLVED_NOT_NC,IMG_2436.jpg;IMG_2437.jpg;IMG_2438.jpg
C35,1,populated,UNRESOLVED_NOT_NC,IMG_2436.jpg;IMG_2437.jpg;IMG_2438.jpg
C35,2,populated,UNRESOLVED_NOT_NC,IMG_2436.jpg;IMG_2437.jpg;IMG_2438.jpg
C36,1,populated,UNRESOLVED_NOT_NC,IMG_2430.jpg;IMG_2435.jpg
C36,2,populated,UNRESOLVED_NOT_NC,IMG_2430.jpg;IMG_2435.jpg
C37,1,populated,UNRESOLVED_NOT_NC,IMG_2430.jpg;IMG_2435.jpg
C37,2,populated,UNRESOLVED_NOT_NC,IMG_2430.jpg;IMG_2435.jpg
C38,1,populated,UNRESOLVED_NOT_NC,IMG_2433.jpg;IMG_2442.jpg
C38,2,populated,UNRESOLVED_NOT_NC,IMG_2433.jpg;IMG_2442.jpg
C39,1,populated,UNRESOLVED_NOT_NC,IMG_2436.jpg;IMG_2437.jpg;IMG_2438.jpg
C39,2,populated,UNRESOLVED_NOT_NC,IMG_2436.jpg;IMG_2437.jpg;IMG_2438.jpg
C40,1,populated,UNRESOLVED_NOT_NC,IMG_2434.jpg
C40,2,populated,UNRESOLVED_NOT_NC,IMG_2434.jpg
C41,1,populated,UNRESOLVED_NOT_NC,IMG_2436.jpg;IMG_2437.jpg;IMG_2438.jpg
C41,2,populated,UNRESOLVED_NOT_NC,IMG_2436.jpg;IMG_2437.jpg;IMG_2438.jpg
C42,1,DNP,UNRESOLVED_NOT_NC,IMG_2434.jpg
C42,2,DNP,UNRESOLVED_NOT_NC,IMG_2434.jpg
C43,2,populated,UNRESOLVED_NOT_NC,IMG_2433.jpg;IMG_2442.jpg
C44,1,populated,UNRESOLVED_NOT_NC,IMG_2433.jpg;IMG_2442.jpg
C44,2,populated,UNRESOLVED_NOT_NC,IMG_2433.jpg;IMG_2442.jpg
C45,1,populated,UNRESOLVED_NOT_NC,IMG_2433.jpg;IMG_2442.jpg
C45,2,populated,UNRESOLVED_NOT_NC,IMG_2433.jpg;IMG_2442.jpg
C46,2,populated,UNRESOLVED_NOT_NC,IMG_2433.jpg;IMG_2442.jpg
C47,1,populated,UNRESOLVED_NOT_NC,IMG_2433.jpg;IMG_2442.jpg
C47,2,populated,UNRESOLVED_NOT_NC,IMG_2433.jpg;IMG_2442.jpg
C48,1,populated,UNRESOLVED_NOT_NC,IMG_2433.jpg;IMG_2442.jpg
C48,2,populated,UNRESOLVED_NOT_NC,IMG_2433.jpg;IMG_2442.jpg
C49,1,DNP,UNRESOLVED_NOT_NC,IMG_2433.jpg;IMG_2442.jpg
C49,2,DNP,UNRESOLVED_NOT_NC,IMG_2433.jpg;IMG_2442.jpg
C1A,1,DNP,UNRESOLVED_NOT_NC,IMG_2430.jpg
C1A,2,DNP,UNRESOLVED_NOT_NC,IMG_2430.jpg
C2A,1,DNP,UNRESOLVED_NOT_NC,IMG_2430.jpg
C2A,2,DNP,UNRESOLVED_NOT_NC,IMG_2430.jpg
L1,1,populated,UNRESOLVED_NOT_NC,IMG_2432.jpg
L1,2,populated,UNRESOLVED_NOT_NC,IMG_2432.jpg
L2,1,populated,UNRESOLVED_NOT_NC,IMG_2430.jpg
L2,2,populated,UNRESOLVED_NOT_NC,IMG_2430.jpg
U4,1,populated,UNRESOLVED_NOT_NC,IMG_2424.jpg
U4,2,populated,UNRESOLVED_NOT_NC,IMG_2424.jpg
U4,3,populated,UNRESOLVED_NOT_NC,IMG_2424.jpg
U4,4,populated,UNRESOLVED_NOT_NC,IMG_2424.jpg
U4,5,populated,UNRESOLVED_NOT_NC,IMG_2424.jpg
U4,6,populated,UNRESOLVED_NOT_NC,IMG_2424.jpg
U4,7,populated,UNRESOLVED_NOT_NC,IMG_2424.jpg
U4,8,populated,UNRESOLVED_NOT_NC,IMG_2424.jpg
U4,11,populated,UNRESOLVED_NOT_NC,IMG_2424.jpg
U4,12,populated,UNRESOLVED_NOT_NC,IMG_2424.jpg
U4,13,populated,UNRESOLVED_NOT_NC,IMG_2424.jpg
U4,15,populated,UNRESOLVED_NOT_NC,IMG_2424.jpg
U4,16,populated,UNRESOLVED_NOT_NC,IMG_2424.jpg
U4,17,populated,UNRESOLVED_NOT_NC,IMG_2424.jpg
U4,18,populated,UNRESOLVED_NOT_NC,IMG_2424.jpg
U4,19,populated,UNRESOLVED_NOT_NC,IMG_2424.jpg
U4,20,populated,UNRESOLVED_NOT_NC,IMG_2424.jpg
U4,21,populated,UNRESOLVED_NOT_NC,IMG_2424.jpg
U4,22,populated,UNRESOLVED_NOT_NC,IMG_2424.jpg
U4,23,populated,UNRESOLVED_NOT_NC,IMG_2424.jpg
U4,24,populated,UNRESOLVED_NOT_NC,IMG_2424.jpg
U4,25,populated,UNRESOLVED_NOT_NC,IMG_2424.jpg
U4,26,populated,UNRESOLVED_NOT_NC,IMG_2424.jpg
U4,27,populated,UNRESOLVED_NOT_NC,IMG_2424.jpg
U4,28,populated,UNRESOLVED_NOT_NC,IMG_2424.jpg
U5,2,populated,UNRESOLVED_NOT_NC,IMG_2424.jpg;IMG_2438.jpg
U5,3,populated,UNRESOLVED_NOT_NC,IMG_2424.jpg;IMG_2438.jpg
U5,6,populated,UNRESOLVED_NOT_NC,IMG_2424.jpg;IMG_2438.jpg
U5,7,populated,UNRESOLVED_NOT_NC,IMG_2424.jpg;IMG_2438.jpg
U5,8,populated,UNRESOLVED_NOT_NC,IMG_2424.jpg;IMG_2438.jpg
U3,3,populated,UNRESOLVED_NOT_NC,IMG_2429.jpg
U3,4,populated,UNRESOLVED_NOT_NC,IMG_2429.jpg
U1,L2,populated,UNRESOLVED_NOT_NC,IMG_2430.jpg
U1,L3,populated,UNRESOLVED_NOT_NC,IMG_2430.jpg
U2,T1,populated,UNRESOLVED_NOT_NC,IMG_2431.jpg
U2,T2,populated,UNRESOLVED_NOT_NC,IMG_2431.jpg
U2,T3,populated,UNRESOLVED_NOT_NC,IMG_2431.jpg
U2,B1,populated,UNRESOLVED_NOT_NC,IMG_2431.jpg
U2,B2,populated,UNRESOLVED_NOT_NC,IMG_2431.jpg
U2,B3,populated,UNRESOLVED_NOT_NC,IMG_2431.jpg
U6,L1,populated,UNRESOLVED_NOT_NC,IMG_2435.jpg
U6,L2,populated,UNRESOLVED_NOT_NC,IMG_2435.jpg
U6,R1,populated,UNRESOLVED_NOT_NC,IMG_2435.jpg
U6,R2,populated,UNRESOLVED_NOT_NC,IMG_2435.jpg
U6,R3,populated,UNRESOLVED_NOT_NC,IMG_2435.jpg
U6A,L,DNP,UNRESOLVED_NOT_NC,IMG_2435.jpg
U6A,R1,DNP,UNRESOLVED_NOT_NC,IMG_2435.jpg
U6A,R2,DNP,UNRESOLVED_NOT_NC,IMG_2435.jpg
U7,1,DNP,UNRESOLVED_NOT_NC,IMG_2441.jpg
U7,2,DNP,UNRESOLVED_NOT_NC,IMG_2441.jpg
U7,3,DNP,UNRESOLVED_NOT_NC,IMG_2441.jpg
Q1,S,populated,UNRESOLVED_NOT_NC,IMG_2438.jpg
Q2,L,populated,UNRESOLVED_NOT_NC,IMG_2435.jpg
Q2,R,populated,UNRESOLVED_NOT_NC,IMG_2435.jpg
Q3,L,populated,UNRESOLVED_NOT_NC,IMG_2433.jpg
Q4,L,populated,UNRESOLVED_NOT_NC,IMG_2433.jpg
Q5,L,populated,UNRESOLVED_NOT_NC,IMG_2433.jpg
Q6,L,populated,UNRESOLVED_NOT_NC,IMG_2433.jpg
Q7,L,populated,UNRESOLVED_NOT_NC,IMG_2434.jpg
Q7,R,populated,UNRESOLVED_NOT_NC,IMG_2434.jpg
Q7,S,populated,UNRESOLVED_NOT_NC,IMG_2434.jpg
Q8,T1,populated,UNRESOLVED_NOT_NC,IMG_2431.jpg
Q8,T2,populated,UNRESOLVED_NOT_NC,IMG_2431.jpg
Q8,T3,populated,UNRESOLVED_NOT_NC,IMG_2431.jpg
Q8,B1,populated,UNRESOLVED_NOT_NC,IMG_2431.jpg
Q8,B2,populated,UNRESOLVED_NOT_NC,IMG_2431.jpg
Q8,B3,populated,UNRESOLVED_NOT_NC,IMG_2431.jpg
Q9,L,DNP,UNRESOLVED_NOT_NC,IMG_2438.jpg
Q9,R,DNP,UNRESOLVED_NOT_NC,IMG_2438.jpg
Q9,S,DNP,UNRESOLVED_NOT_NC,IMG_2438.jpg
Q11,L,populated,UNRESOLVED_NOT_NC,IMG_2433.jpg
D1,L,populated,UNRESOLVED_NOT_NC,IMG_2431.jpg
D1,R,populated,UNRESOLVED_NOT_NC,IMG_2431.jpg
D1,S,populated,UNRESOLVED_NOT_NC,IMG_2431.jpg
D2,L,populated,UNRESOLVED_NOT_NC,IMG_2434.jpg
D2,R,populated,UNRESOLVED_NOT_NC,IMG_2434.jpg
D2,S,populated,UNRESOLVED_NOT_NC,IMG_2434.jpg
D3,L,populated,UNRESOLVED_NOT_NC,IMG_2434.jpg
D3,R,populated,UNRESOLVED_NOT_NC,IMG_2434.jpg
D3,S,populated,UNRESOLVED_NOT_NC,IMG_2434.jpg
D4,1,populated,UNRESOLVED_NOT_NC,IMG_2437.jpg
D4,2,populated,UNRESOLVED_NOT_NC,IMG_2437.jpg
D5,1,populated,UNRESOLVED_NOT_NC,IMG_2437.jpg
D5,2,populated,UNRESOLVED_NOT_NC,IMG_2437.jpg
D6,1,populated,UNRESOLVED_NOT_NC,IMG_2437.jpg
D6,2,populated,UNRESOLVED_NOT_NC,IMG_2437.jpg
S1,TL,populated,UNRESOLVED_NOT_NC,IMG_2438.jpg
S1,TR,populated,UNRESOLVED_NOT_NC,IMG_2438.jpg
S1,BL,populated,UNRESOLVED_NOT_NC,IMG_2438.jpg
S1,BR,populated,UNRESOLVED_NOT_NC,IMG_2438.jpg
J1,CLK,populated,UNRESOLVED_NOT_NC,IMG_2437.jpg
J1,DAT,populated,UNRESOLVED_NOT_NC,IMG_2437.jpg
J1,GND,populated,UNRESOLVED_NOT_NC,IMG_2437.jpg
J1,VDD,populated,UNRESOLVED_NOT_NC,IMG_2437.jpg
J1,VPP,populated,UNRESOLVED_NOT_NC,IMG_2437.jpg
J3,1,populated,UNRESOLVED_NOT_NC,IMG_2435.jpg;IMG_2441.jpg
J3,2,populated,UNRESOLVED_NOT_NC,IMG_2435.jpg;IMG_2441.jpg
J3,3,populated,UNRESOLVED_NOT_NC,IMG_2435.jpg;IMG_2441.jpg
J5,A,populated,UNRESOLVED_NOT_NC,IMG_2439.jpg
J5,B,populated,UNRESOLVED_NOT_NC,IMG_2439.jpg
J6,1,DNP,UNRESOLVED_NOT_NC,IMG_2438.jpg
J6,2,DNP,UNRESOLVED_NOT_NC,IMG_2438.jpg
LED1,TL,populated,UNRESOLVED_NOT_NC,IMG_2432.jpg
LED1,TR,populated,UNRESOLVED_NOT_NC,IMG_2432.jpg
LED1,BL,populated,UNRESOLVED_NOT_NC,IMG_2432.jpg
LED1,BR,populated,UNRESOLVED_NOT_NC,IMG_2432.jpg
TP1,1,populated,UNRESOLVED_NOT_NC,IMG_2431.jpg;IMG_2432.jpg
TP2,1,populated,UNRESOLVED_NOT_NC,IMG_2431.jpg;IMG_2432.jpg
TP3,1,populated,UNRESOLVED_NOT_NC,IMG_2431.jpg;IMG_2432.jpg
TP4,1,populated,UNRESOLVED_NOT_NC,IMG_2436.jpg;IMG_2437.jpg;IMG_2438.jpg
TP5,1,populated,UNRESOLVED_NOT_NC,IMG_2434.jpg
TP6,1,populated,UNRESOLVED_NOT_NC,IMG_2434.jpg
TP7,1,populated,UNRESOLVED_NOT_NC,IMG_2434.jpg
TP9,1,populated,UNRESOLVED_NOT_NC,IMG_2436.jpg;IMG_2437.jpg;IMG_2438.jpg
TP10,1,populated,UNRESOLVED_NOT_NC,IMG_2436.jpg;IMG_2437.jpg;IMG_2438.jpg
TP14,1,populated,UNRESOLVED_NOT_NC,IMG_2436.jpg;IMG_2437.jpg;IMG_2438.jpg
TP17,1,populated,UNRESOLVED_NOT_NC,IMG_2436.jpg;IMG_2437.jpg;IMG_2438.jpg
GND,1,populated,UNRESOLVED_NOT_NC,IMG_2430.jpg;IMG_2433.jpg;IMG_2435.jpg;IMG_2438.jpg
GND_RF,1,populated,UNRESOLVED_NOT_NC,IMG_2432.jpg
VREF,1,populated,UNRESOLVED_NOT_NC,IMG_2430.jpg;IMG_2433.jpg;IMG_2435.jpg;IMG_2438.jpg
ANT1,1,populated,UNRESOLVED_NOT_NC,IMG_2430.jpg;IMG_2433.jpg;IMG_2435.jpg;IMG_2438.jpg
ANT2,1,populated,UNRESOLVED_NOT_NC,IMG_2430.jpg;IMG_2433.jpg;IMG_2435.jpg;IMG_2438.jpg
BATP,1,populated,UNRESOLVED_NOT_NC,IMG_2430.jpg;IMG_2433.jpg;IMG_2435.jpg;IMG_2438.jpg
BATN,1,populated,UNRESOLVED_NOT_NC,IMG_2430.jpg;IMG_2433.jpg;IMG_2435.jpg;IMG_2438.jpg
