ref,native_ref,population,observed,displayed,marking,value_or_identity,footprint,footprint_confidence,footprint_basis,open_pads,next_method,photos
R3,R3,populated,330k,330k,334,Nominal resistance recovered from marking; tolerance and exact maker not established,Resistor_SMD:R_0603_1608Metric,medium - revised family estimate,"User reports R8 approximately 1.6 x 0.77 mm, consistent with 0603 (1608 metric). Repeated fitted resistor family revised using R8 as a scale reference. This individual body has not been measured; earlier 0805 estimate superseded.",0,No immediate measurement requested,IMG_2436.jpg;IMG_2437.jpg;IMG_2438.jpg
R4,R4,populated,330k,330k,334,Nominal resistance recovered from marking; tolerance and exact maker not established,Resistor_SMD:R_0603_1608Metric,medium - revised family estimate,"User reports R8 approximately 1.6 x 0.77 mm, consistent with 0603 (1608 metric). Repeated fitted resistor family revised using R8 as a scale reference. This individual body has not been measured; earlier 0805 estimate superseded.",0,No immediate measurement requested,IMG_2436.jpg;IMG_2437.jpg;IMG_2438.jpg
R5,R5,populated,22,22,220,Nominal resistance recovered from marking; tolerance and exact maker not established,Resistor_SMD:R_0603_1608Metric,medium - revised family estimate,"User reports R8 approximately 1.6 x 0.77 mm, consistent with 0603 (1608 metric). Repeated fitted resistor family revised using R8 as a scale reference. This individual body has not been measured; earlier 0805 estimate superseded.",0,No immediate measurement requested,IMG_2431.jpg;IMG_2432.jpg
R6,R6,populated,1.2k,1.2k,122,Nominal resistance recovered from marking; tolerance and exact maker not established,Resistor_SMD:R_0603_1608Metric,medium - revised family estimate,"User reports R8 approximately 1.6 x 0.77 mm, consistent with 0603 (1608 metric). Repeated fitted resistor family revised using R8 as a scale reference. This individual body has not been measured; earlier 0805 estimate superseded.",0,No immediate measurement requested,IMG_2431.jpg;IMG_2432.jpg
R7,R7,populated,1.8k,1.8k,182,Nominal resistance recovered from marking; tolerance and exact maker not established,Resistor_SMD:R_0603_1608Metric,medium - revised family estimate,"User reports R8 approximately 1.6 x 0.77 mm, consistent with 0603 (1608 metric). Repeated fitted resistor family revised using R8 as a scale reference. This individual body has not been measured; earlier 0805 estimate superseded.",0,No immediate measurement requested,IMG_2431.jpg;IMG_2432.jpg
R8,R8,populated,220,220,221,Nominal resistance recovered from marking; tolerance and exact maker not established,Resistor_SMD:R_0603_1608Metric,user dimensional match,"User measured R8 approximately 1.6 x 0.77 mm including both metal end caps, confirming the 0603 (1608 metric) body-size match. No exact manufacturer established.",0,No immediate measurement requested,IMG_2431.jpg;IMG_2432.jpg
R9,R9,populated,220,220,221,Nominal resistance recovered from marking; tolerance and exact maker not established,Resistor_SMD:R_0603_1608Metric,medium - revised family estimate,"User reports R8 approximately 1.6 x 0.77 mm, consistent with 0603 (1608 metric). Repeated fitted resistor family revised using R8 as a scale reference. This individual body has not been measured; earlier 0805 estimate superseded.",0,No immediate measurement requested,IMG_2431.jpg;IMG_2432.jpg
R10,R10,populated,10k,10k,01C,Nominal resistance recovered from marking; tolerance and exact maker not established,Resistor_SMD:R_0603_1608Metric,medium - revised family estimate,"User reports R8 approximately 1.6 x 0.77 mm, consistent with 0603 (1608 metric). Repeated fitted resistor family revised using R8 as a scale reference. This individual body has not been measured; earlier 0805 estimate superseded.",0,No immediate measurement requested,IMG_2431.jpg;IMG_2432.jpg
R11,R11,populated,1.8k,1.8k,182,Nominal resistance recovered from marking; tolerance and exact maker not established,Resistor_SMD:R_0603_1608Metric,medium - revised family estimate,"User reports R8 approximately 1.6 x 0.77 mm, consistent with 0603 (1608 metric). Repeated fitted resistor family revised using R8 as a scale reference. This individual body has not been measured; earlier 0805 estimate superseded.",0,No immediate measurement requested,IMG_2433.jpg
R13,R13,populated,1.8k,1.8k,182,Nominal resistance recovered from marking; tolerance and exact maker not established,Resistor_SMD:R_0603_1608Metric,medium - revised family estimate,"User reports R8 approximately 1.6 x 0.77 mm, consistent with 0603 (1608 metric). Repeated fitted resistor family revised using R8 as a scale reference. This individual body has not been measured; earlier 0805 estimate superseded.",0,No immediate measurement requested,IMG_2433.jpg
R14,R14,populated,1.8k,1.8k,182,Nominal resistance recovered from marking; tolerance and exact maker not established,Resistor_SMD:R_0603_1608Metric,medium - revised family estimate,"User reports R8 approximately 1.6 x 0.77 mm, consistent with 0603 (1608 metric). Repeated fitted resistor family revised using R8 as a scale reference. This individual body has not been measured; earlier 0805 estimate superseded.",0,No immediate measurement requested,IMG_2433.jpg
R15,R15,populated,1.8k,1.8k,182,Nominal resistance recovered from marking; tolerance and exact maker not established,Resistor_SMD:R_0603_1608Metric,medium - revised family estimate,"User reports R8 approximately 1.6 x 0.77 mm, consistent with 0603 (1608 metric). Repeated fitted resistor family revised using R8 as a scale reference. This individual body has not been measured; earlier 0805 estimate superseded.",0,No immediate measurement requested,IMG_2433.jpg
R16,R16,populated,1.8k,1.8k,182,Nominal resistance recovered from marking; tolerance and exact maker not established,Resistor_SMD:R_0603_1608Metric,medium - revised family estimate,"User reports R8 approximately 1.6 x 0.77 mm, consistent with 0603 (1608 metric). Repeated fitted resistor family revised using R8 as a scale reference. This individual body has not been measured; earlier 0805 estimate superseded.",0,No immediate measurement requested,IMG_2433.jpg
R18,R18,populated,1.2k,1.2k,122,Nominal resistance recovered from marking; tolerance and exact maker not established,Resistor_SMD:R_0603_1608Metric,medium - revised family estimate,"User reports R8 approximately 1.6 x 0.77 mm, consistent with 0603 (1608 metric). Repeated fitted resistor family revised using R8 as a scale reference. This individual body has not been measured; earlier 0805 estimate superseded.",0,No immediate measurement requested,IMG_2429.jpg;IMG_2434.jpg
R19,R19,populated,10k,10k,01C,Nominal resistance recovered from marking; tolerance and exact maker not established,Resistor_SMD:R_0603_1608Metric,medium - revised family estimate,"User reports R8 approximately 1.6 x 0.77 mm, consistent with 0603 (1608 metric). Repeated fitted resistor family revised using R8 as a scale reference. This individual body has not been measured; earlier 0805 estimate superseded.",0,No immediate measurement requested,IMG_2429.jpg;IMG_2434.jpg
R20,R20,populated,22,22,220,Nominal resistance recovered from marking; tolerance and exact maker not established,Resistor_SMD:R_0603_1608Metric,medium - revised family estimate,"User reports R8 approximately 1.6 x 0.77 mm, consistent with 0603 (1608 metric). Repeated fitted resistor family revised using R8 as a scale reference. This individual body has not been measured; earlier 0805 estimate superseded.",0,No immediate measurement requested,IMG_2429.jpg;IMG_2434.jpg
R21,R21,populated,10k,10k,01C,Nominal resistance recovered from marking; tolerance and exact maker not established,Resistor_SMD:R_0603_1608Metric,medium - revised family estimate,"User reports R8 approximately 1.6 x 0.77 mm, consistent with 0603 (1608 metric). Repeated fitted resistor family revised using R8 as a scale reference. This individual body has not been measured; earlier 0805 estimate superseded.",0,No immediate measurement requested,IMG_2429.jpg;IMG_2434.jpg
R22,R22,populated,10k,10k,01C,Nominal resistance recovered from marking; tolerance and exact maker not established,Resistor_SMD:R_0603_1608Metric,medium - revised family estimate,"User reports R8 approximately 1.6 x 0.77 mm, consistent with 0603 (1608 metric). Repeated fitted resistor family revised using R8 as a scale reference. This individual body has not been measured; earlier 0805 estimate superseded.",0,No immediate measurement requested,IMG_2429.jpg;IMG_2434.jpg
R23,R23,populated,5.6k,5.6k,562,Nominal resistance recovered from marking; tolerance and exact maker not established,Resistor_SMD:R_0603_1608Metric,medium - revised family estimate,"User reports R8 approximately 1.6 x 0.77 mm, consistent with 0603 (1608 metric). Repeated fitted resistor family revised using R8 as a scale reference. This individual body has not been measured; earlier 0805 estimate superseded.",0,No immediate measurement requested,IMG_2429.jpg;IMG_2434.jpg
R24,R24,populated,120k,120k,124,Nominal resistance recovered from marking; tolerance and exact maker not established,Resistor_SMD:R_0603_1608Metric,medium - revised family estimate,"User reports R8 approximately 1.6 x 0.77 mm, consistent with 0603 (1608 metric). Repeated fitted resistor family revised using R8 as a scale reference. This individual body has not been measured; earlier 0805 estimate superseded.",0,No immediate measurement requested,IMG_2429.jpg;IMG_2434.jpg
R25,R25,populated,1.2k,1.2k,122,Nominal resistance recovered from marking; tolerance and exact maker not established,Resistor_SMD:R_0603_1608Metric,medium - revised family estimate,"User reports R8 approximately 1.6 x 0.77 mm, consistent with 0603 (1608 metric). Repeated fitted resistor family revised using R8 as a scale reference. This individual body has not been measured; earlier 0805 estimate superseded.",0,No immediate measurement requested,IMG_2429.jpg;IMG_2434.jpg
R26,R26,populated,120k,120k,124,Nominal resistance recovered from marking; tolerance and exact maker not established,Resistor_SMD:R_0603_1608Metric,medium - revised family estimate,"User reports R8 approximately 1.6 x 0.77 mm, consistent with 0603 (1608 metric). Repeated fitted resistor family revised using R8 as a scale reference. This individual body has not been measured; earlier 0805 estimate superseded.",0,No immediate measurement requested,IMG_2429.jpg;IMG_2434.jpg
R27,R27,populated,10k,10k,01C,Nominal resistance recovered from marking; tolerance and exact maker not established,Resistor_SMD:R_0603_1608Metric,medium - revised family estimate,"User reports R8 approximately 1.6 x 0.77 mm, consistent with 0603 (1608 metric). Repeated fitted resistor family revised using R8 as a scale reference. This individual body has not been measured; earlier 0805 estimate superseded.",0,No immediate measurement requested,IMG_2429.jpg;IMG_2434.jpg
R28,R28,populated,1M,1M,1004,Nominal resistance recovered from marking; tolerance and exact maker not established,Resistor_SMD:R_0603_1608Metric,medium - revised family estimate,"User reports R8 approximately 1.6 x 0.77 mm, consistent with 0603 (1608 metric). Repeated fitted resistor family revised using R8 as a scale reference. This individual body has not been measured; earlier 0805 estimate superseded.",0,No immediate measurement requested,IMG_2429.jpg;IMG_2434.jpg
R29,R29,populated,15k,15k,18C,Nominal resistance recovered from marking; tolerance and exact maker not established,Resistor_SMD:R_0603_1608Metric,medium - revised family estimate,"User reports R8 approximately 1.6 x 0.77 mm, consistent with 0603 (1608 metric). Repeated fitted resistor family revised using R8 as a scale reference. This individual body has not been measured; earlier 0805 estimate superseded.",0,No immediate measurement requested,IMG_2429.jpg;IMG_2434.jpg
R30,R30,populated,220,220,221,Nominal resistance recovered from marking; tolerance and exact maker not established,Resistor_SMD:R_0603_1608Metric,medium - revised family estimate,"User reports R8 approximately 1.6 x 0.77 mm, consistent with 0603 (1608 metric). Repeated fitted resistor family revised using R8 as a scale reference. This individual body has not been measured; earlier 0805 estimate superseded.",0,No immediate measurement requested,IMG_2431.jpg;IMG_2432.jpg
R31,R31,populated,220,220,221,Nominal resistance recovered from marking; tolerance and exact maker not established,Resistor_SMD:R_0603_1608Metric,medium - revised family estimate,"User reports R8 approximately 1.6 x 0.77 mm, consistent with 0603 (1608 metric). Repeated fitted resistor family revised using R8 as a scale reference. This individual body has not been measured; earlier 0805 estimate superseded.",0,No immediate measurement requested,IMG_2431.jpg;IMG_2432.jpg
R32,R32,populated,10k,10k,01C,Nominal resistance recovered from marking; tolerance and exact maker not established,Resistor_SMD:R_0603_1608Metric,medium - revised family estimate,"User reports R8 approximately 1.6 x 0.77 mm, consistent with 0603 (1608 metric). Repeated fitted resistor family revised using R8 as a scale reference. This individual body has not been measured; earlier 0805 estimate superseded.",0,No immediate measurement requested,IMG_2436.jpg;IMG_2437.jpg;IMG_2438.jpg
R37,R37,populated,22,22,220,Nominal resistance recovered from marking; tolerance and exact maker not established,Resistor_SMD:R_0603_1608Metric,medium - revised family estimate,"User reports R8 approximately 1.6 x 0.77 mm, consistent with 0603 (1608 metric). Repeated fitted resistor family revised using R8 as a scale reference. This individual body has not been measured; earlier 0805 estimate superseded.",0,No immediate measurement requested,IMG_2435.jpg
R38,R38,populated,10k,10k,01C,Nominal resistance recovered from marking; tolerance and exact maker not established,Resistor_SMD:R_0603_1608Metric,medium - revised family estimate,"User reports R8 approximately 1.6 x 0.77 mm, consistent with 0603 (1608 metric). Repeated fitted resistor family revised using R8 as a scale reference. This individual body has not been measured; earlier 0805 estimate superseded.",0,No immediate measurement requested,IMG_2435.jpg
R39,R39,populated,10k,10k,01C,Nominal resistance recovered from marking; tolerance and exact maker not established,Resistor_SMD:R_0603_1608Metric,medium - revised family estimate,"User reports R8 approximately 1.6 x 0.77 mm, consistent with 0603 (1608 metric). Repeated fitted resistor family revised using R8 as a scale reference. This individual body has not been measured; earlier 0805 estimate superseded.",0,No immediate measurement requested,IMG_2435.jpg
R40,R40,populated,10k,10k,01C,Nominal resistance recovered from marking; tolerance and exact maker not established,Resistor_SMD:R_0603_1608Metric,medium - revised family estimate,"User reports R8 approximately 1.6 x 0.77 mm, consistent with 0603 (1608 metric). Repeated fitted resistor family revised using R8 as a scale reference. This individual body has not been measured; earlier 0805 estimate superseded.",0,No immediate measurement requested,IMG_2436.jpg;IMG_2437.jpg;IMG_2438.jpg
R41,R41,populated,330,330,331,Nominal resistance recovered from marking; tolerance and exact maker not established,Resistor_SMD:R_0603_1608Metric,medium - revised family estimate,"User reports R8 approximately 1.6 x 0.77 mm, consistent with 0603 (1608 metric). Repeated fitted resistor family revised using R8 as a scale reference. This individual body has not been measured; earlier 0805 estimate superseded.",0,No immediate measurement requested,IMG_2436.jpg;IMG_2437.jpg;IMG_2438.jpg
R42,R42,populated,1.2k,1.2k,122,Nominal resistance recovered from marking; tolerance and exact maker not established,Resistor_SMD:R_0603_1608Metric,medium - revised family estimate,"User reports R8 approximately 1.6 x 0.77 mm, consistent with 0603 (1608 metric). Repeated fitted resistor family revised using R8 as a scale reference. This individual body has not been measured; earlier 0805 estimate superseded.",0,No immediate measurement requested,IMG_2429.jpg;IMG_2434.jpg
R43,R43,populated,6.8k,6.8k,682,Nominal resistance recovered from marking; tolerance and exact maker not established,Resistor_SMD:R_0603_1608Metric,medium - revised family estimate,"User reports R8 approximately 1.6 x 0.77 mm, consistent with 0603 (1608 metric). Repeated fitted resistor family revised using R8 as a scale reference. This individual body has not been measured; earlier 0805 estimate superseded.",0,No immediate measurement requested,IMG_2436.jpg;IMG_2437.jpg;IMG_2438.jpg
R44,R44,populated,15k,15k,18C,Nominal resistance recovered from marking; tolerance and exact maker not established,Resistor_SMD:R_0603_1608Metric,medium - revised family estimate,"User reports R8 approximately 1.6 x 0.77 mm, consistent with 0603 (1608 metric). Repeated fitted resistor family revised using R8 as a scale reference. This individual body has not been measured; earlier 0805 estimate superseded.",0,No immediate measurement requested,IMG_2436.jpg;IMG_2437.jpg;IMG_2438.jpg
R48,R48,populated,5.6k,5.6k,562,Nominal resistance recovered from marking; tolerance and exact maker not established,Resistor_SMD:R_0603_1608Metric,medium - revised family estimate,"User reports R8 approximately 1.6 x 0.77 mm, consistent with 0603 (1608 metric). Repeated fitted resistor family revised using R8 as a scale reference. This individual body has not been measured; earlier 0805 estimate superseded.",0,No immediate measurement requested,IMG_2429.jpg;IMG_2434.jpg
R1,R1,DNP,DNP,DNP,,Unpopulated option: no fitted value to recover. Empty footprint photographed; do not treat as a jumper.,Resistor_SMD:R_0603_1608Metric,medium,Body/land proportions compared with nearby 1.27-mm SOIC and 0.95-mm SOT lead pitch. Populated resistor family appears 0805; smaller empty option lands appear 0603.,0,No immediate measurement requested,IMG_2430.jpg;IMG_2434.jpg;IMG_2438.jpg
R2,R2,DNP,DNP,DNP,,Unpopulated option: no fitted value to recover. Empty footprint photographed; do not treat as a jumper.,Resistor_SMD:R_0603_1608Metric,medium,Body/land proportions compared with nearby 1.27-mm SOIC and 0.95-mm SOT lead pitch. Populated resistor family appears 0805; smaller empty option lands appear 0603.,0,No immediate measurement requested,IMG_2430.jpg;IMG_2434.jpg;IMG_2438.jpg
R35,R35,DNP,DNP,DNP,,Unpopulated option: no fitted value to recover. v0.9.21 annotated photo: J6 left/model1 joins Q9 single/native3 and R36 right/model2. J6 right/model2 joins R36 left/model1. PIC26/RB5-TP10-R35 upper; R35 lower-Q9 paired-left; paired-right via V021 is GND. All J6/Q9/R35/R36 options remain DNP. R36 left/J6 right onward rail is not established by this annotation.,Resistor_SMD:R_0603_1608Metric,medium,Body/land proportions compared with nearby 1.27-mm SOIC and 0.95-mm SOT lead pitch. Populated resistor family appears 0805; smaller empty option lands appear 0603.,0,No immediate measurement requested,IMG_2430.jpg;IMG_2434.jpg;IMG_2438.jpg
R36,R36,DNP,DNP,DNP,,Unpopulated option: no fitted value to recover. v0.9.21 annotated photo: J6 left/model1 joins Q9 single/native3 and R36 right/model2. J6 right/model2 joins R36 left/model1. PIC26/RB5-TP10-R35 upper; R35 lower-Q9 paired-left; paired-right via V021 is GND. All J6/Q9/R35/R36 options remain DNP. R36 left/J6 right onward rail is not established by this annotation.,Resistor_SMD:R_0603_1608Metric,medium,Body/land proportions compared with nearby 1.27-mm SOIC and 0.95-mm SOT lead pitch. Populated resistor family appears 0805; smaller empty option lands appear 0603.,0,No immediate measurement requested,IMG_2430.jpg;IMG_2434.jpg;IMG_2438.jpg
R46,R46,DNP,DNP,DNP,,"Unpopulated option: no fitted value to recover. Empty footprint, confirmed by user. Upper photo pad=model1 joins D2.L/ANT2; lower photo pad=model2 joins D2.S. Do not treat as a jumper or install an assumed value.",Resistor_SMD:R_0603_1608Metric,medium,Body/land proportions compared with nearby 1.27-mm SOIC and 0.95-mm SOT lead pitch. Populated resistor family appears 0805; smaller empty option lands appear 0603.,0,No immediate measurement requested,IMG_2430.jpg;IMG_2434.jpg;IMG_2438.jpg
R47,R47,DNP,DNP,DNP,,Unpopulated option: no fitted value to recover. Empty footprint photographed; do not treat as a jumper.,Resistor_SMD:R_0603_1608Metric,medium,Body/land proportions compared with nearby 1.27-mm SOIC and 0.95-mm SOT lead pitch. Populated resistor family appears 0805; smaller empty option lands appear 0603.,0,No immediate measurement requested,IMG_2430.jpg;IMG_2434.jpg;IMG_2438.jpg
C1,C1,populated,UNKNOWN,1u?,,Capacitance not recovered; displayed numerical values are estimates,Capacitor_SMD:C_1206_3216Metric,medium,"Photo family and body/land proportions compared with adjacent known IC lead pitch. Size is independent of capacitance, dielectric and voltage rating.",0,LCR: in-circuit screening first; isolate one terminal if an individual value is needed,IMG_2430.jpg;IMG_2435.jpg
C2,C2,populated,UNKNOWN,4.7u?,,Capacitance not recovered; displayed numerical values are estimates,Capacitor_SMD:C_1206_3216Metric,medium,"Photo family and body/land proportions compared with adjacent known IC lead pitch. Size is independent of capacitance, dielectric and voltage rating.",0,LCR: in-circuit screening first; isolate one terminal if an individual value is needed,IMG_2430.jpg;IMG_2435.jpg
C3,C3,DNP,DNP,DNP,,Unpopulated option: no fitted value to recover. Unmarked ceramic: capacitance unknown; no default 100nF assigned.,Capacitor_SMD:C_0603_1608Metric,medium,"Photo family and body/land proportions compared with adjacent known IC lead pitch. Size is independent of capacitance, dielectric and voltage rating.",0,No immediate measurement requested,IMG_2430.jpg;IMG_2435.jpg
C4,C4,DNP,DNP,DNP,,Unpopulated option: no fitted value to recover. Unmarked ceramic: capacitance unknown; no default 100nF assigned.,Capacitor_SMD:C_0603_1608Metric,medium,"Photo family and body/land proportions compared with adjacent known IC lead pitch. Size is independent of capacitance, dielectric and voltage rating.",0,No immediate measurement requested,IMG_2430.jpg;IMG_2435.jpg
C5,C5,populated,470uF,470uF / 16V,470uF 16V,470 uF / 16 V; measured can diameter 6.33 mm and height 16 mm. Stock nominal 6.3 mm radial footprint assigned; 2.5 mm pitch remains inferred.,Capacitor_THT:CP_Radial_D6.3mm_P2.50mm,medium - measured diameter; inferred pitch,"User-measured diameter 6.33 mm supports stock nominal 6.3 mm radial can. Standard 2.5 mm lead pitch is inferred, not measured; actual pad spacing/drill fit remain unverified. Stock footprint description is 7 mm tall, while actual can height is 16 mm. This is a 2D land-pattern candidate, not an exact housing model.",0,No repeat can measurement. Verify lead pitch/drill fit only for PCB reproduction; use the measured 16 mm height.,IMG_2431.jpg;IMG_2432.jpg
C6,C6,populated,UNKNOWN,UNKNOWN,,Capacitance not recovered; displayed numerical values are estimates,Capacitor_SMD:C_1206_3216Metric,medium,"Photo family and body/land proportions compared with adjacent known IC lead pitch. Size is independent of capacitance, dielectric and voltage rating.",0,LCR: in-circuit screening first; isolate one terminal if an individual value is needed,IMG_2431.jpg;IMG_2432.jpg
C7,C7,populated,UNKNOWN,100n?,,Capacitance not recovered; displayed numerical values are estimates,Capacitor_SMD:C_0805_2012Metric,medium,"Photo family and body/land proportions compared with adjacent known IC lead pitch. Size is independent of capacitance, dielectric and voltage rating.",0,LCR: in-circuit screening first; isolate one terminal if an individual value is needed,IMG_2431.jpg;IMG_2432.jpg
C8,C8,populated,UNKNOWN,UNKNOWN,,Capacitance not recovered; displayed numerical values are estimates,Capacitor_SMD:C_0805_2012Metric,medium,"Photo family and body/land proportions compared with adjacent known IC lead pitch. Size is independent of capacitance, dielectric and voltage rating.",0,LCR: in-circuit screening first; isolate one terminal if an individual value is needed,IMG_2431.jpg;IMG_2432.jpg
C9,C9,populated,UNKNOWN,UNKNOWN,,Capacitance not recovered; displayed numerical values are estimates,Capacitor_SMD:C_0805_2012Metric,medium,"Photo family and body/land proportions compared with adjacent known IC lead pitch. Size is independent of capacitance, dielectric and voltage rating.",0,LCR: in-circuit screening first; isolate one terminal if an individual value is needed,IMG_2431.jpg;IMG_2432.jpg
C10,C10,populated,UNKNOWN,UNKNOWN,,Capacitance not recovered; displayed numerical values are estimates,Capacitor_SMD:C_1206_3216Metric,medium,"Photo family and body/land proportions compared with adjacent known IC lead pitch. Size is independent of capacitance, dielectric and voltage rating.",0,LCR: in-circuit screening first; isolate one terminal if an individual value is needed,IMG_2433.jpg;IMG_2442.jpg
C11,C11,populated,UNKNOWN,UNKNOWN,,Capacitance not recovered; displayed numerical values are estimates,Capacitor_SMD:C_1206_3216Metric,user dimensional match,"User reports approximately 3.2 x 1.5 mm, matching nominal 1206 / 3216 metric. Capacitance remains unknown.",0,LCR: in-circuit screening first; isolate one terminal if an individual value is needed,IMG_2433.jpg;IMG_2442.jpg
C12,C12,populated,UNKNOWN,? (rear),,Capacitance not recovered; displayed numerical values are estimates,Capacitor_SMD:C_1206_3216Metric,medium,"Photo family and body/land proportions compared with adjacent known IC lead pitch. Size is independent of capacitance, dielectric and voltage rating.",0,LCR: in-circuit screening first; isolate one terminal if an individual value is needed,IMG_2433.jpg;IMG_2442.jpg
C13,C13,populated,UNKNOWN,UNKNOWN,,Capacitance not recovered; displayed numerical values are estimates,Capacitor_SMD:C_1206_3216Metric,medium,"Photo family and body/land proportions compared with adjacent known IC lead pitch. Size is independent of capacitance, dielectric and voltage rating.",0,LCR: in-circuit screening first; isolate one terminal if an individual value is needed,IMG_2433.jpg;IMG_2442.jpg
C14,C14,populated,UNKNOWN,UNKNOWN,,Capacitance not recovered; displayed numerical values are estimates,Capacitor_SMD:C_1206_3216Metric,medium,"Photo family and body/land proportions compared with adjacent known IC lead pitch. Size is independent of capacitance, dielectric and voltage rating.",0,LCR: in-circuit screening first; isolate one terminal if an individual value is needed,IMG_2433.jpg;IMG_2442.jpg
C15,C15,populated,UNKNOWN,? (rear),,Capacitance not recovered; displayed numerical values are estimates,Capacitor_SMD:C_1206_3216Metric,medium,"Photo family and body/land proportions compared with adjacent known IC lead pitch. Size is independent of capacitance, dielectric and voltage rating.",0,LCR: in-circuit screening first; isolate one terminal if an individual value is needed,IMG_2433.jpg;IMG_2442.jpg
C16,C16,populated,UNKNOWN,UNKNOWN,,Capacitance not recovered; displayed numerical values are estimates,Capacitor_SMD:C_1206_3216Metric,medium,"Photo family and body/land proportions compared with adjacent known IC lead pitch. Size is independent of capacitance, dielectric and voltage rating.",0,LCR: in-circuit screening first; isolate one terminal if an individual value is needed,IMG_2433.jpg;IMG_2442.jpg
C17,C17,populated,UNKNOWN,100n?,,Capacitance not recovered; displayed numerical values are estimates,Capacitor_SMD:C_0805_2012Metric,medium,"Photo family and body/land proportions compared with adjacent known IC lead pitch. Size is independent of capacitance, dielectric and voltage rating.",0,LCR: in-circuit screening first; isolate one terminal if an individual value is needed,IMG_2434.jpg
C18,C18,populated,UNKNOWN,UNKNOWN,,Capacitance not recovered; displayed numerical values are estimates,Capacitor_SMD:C_0805_2012Metric,medium,"Photo family and body/land proportions compared with adjacent known IC lead pitch. Size is independent of capacitance, dielectric and voltage rating.",0,LCR: in-circuit screening first; isolate one terminal if an individual value is needed,IMG_2434.jpg
C19,C19,populated,UNKNOWN,UNKNOWN,,Capacitance not recovered; displayed numerical values are estimates,Capacitor_SMD:C_0805_2012Metric,medium,"Photo family and body/land proportions compared with adjacent known IC lead pitch. Size is independent of capacitance, dielectric and voltage rating.",0,LCR: in-circuit screening first; isolate one terminal if an individual value is needed,IMG_2434.jpg
C20,C20,populated,UNKNOWN,UNKNOWN,,Capacitance not recovered; displayed numerical values are estimates,Capacitor_SMD:C_1206_3216Metric,medium,"Photo family and body/land proportions compared with adjacent known IC lead pitch. Size is independent of capacitance, dielectric and voltage rating.",0,LCR: in-circuit screening first; isolate one terminal if an individual value is needed,IMG_2434.jpg
C21,C21,populated,UNKNOWN,UNKNOWN,,Capacitance not recovered; displayed numerical values are estimates,Capacitor_SMD:C_0805_2012Metric,medium,"Photo family and body/land proportions compared with adjacent known IC lead pitch. Size is independent of capacitance, dielectric and voltage rating.",0,LCR: in-circuit screening first; isolate one terminal if an individual value is needed,IMG_2434.jpg
C22,C22,populated,UNKNOWN,UNKNOWN,,Capacitance not recovered; displayed numerical values are estimates,Capacitor_SMD:C_0805_2012Metric,medium,"Photo family and body/land proportions compared with adjacent known IC lead pitch. Size is independent of capacitance, dielectric and voltage rating.",0,LCR: in-circuit screening first; isolate one terminal if an individual value is needed,IMG_2434.jpg
C23,C23,populated,UNKNOWN,UNKNOWN,,Capacitance not recovered; displayed numerical values are estimates,Capacitor_SMD:C_0805_2012Metric,medium,"Photo family and body/land proportions compared with adjacent known IC lead pitch. Size is independent of capacitance, dielectric and voltage rating.",0,LCR: in-circuit screening first; isolate one terminal if an individual value is needed,IMG_2434.jpg
C24,C24,populated,UNKNOWN,100n?,,Capacitance not recovered; displayed numerical values are estimates,Capacitor_SMD:C_0805_2012Metric,medium,"Photo family and body/land proportions compared with adjacent known IC lead pitch. Size is independent of capacitance, dielectric and voltage rating.",0,LCR: in-circuit screening first; isolate one terminal if an individual value is needed,IMG_2434.jpg
C25,C25,populated,UNKNOWN,?,,Capacitance not recovered; displayed numerical values are estimates,Capacitor_SMD:C_0805_2012Metric,medium,"Photo family and body/land proportions compared with adjacent known IC lead pitch. Size is independent of capacitance, dielectric and voltage rating.",0,LCR: in-circuit screening first; isolate one terminal if an individual value is needed,IMG_2436.jpg;IMG_2437.jpg;IMG_2438.jpg
C26,C26,populated,UNKNOWN,?,,Capacitance not recovered; displayed numerical values are estimates,Capacitor_SMD:C_0805_2012Metric,medium,"Photo family and body/land proportions compared with adjacent known IC lead pitch. Size is independent of capacitance, dielectric and voltage rating.",0,LCR: in-circuit screening first; isolate one terminal if an individual value is needed,IMG_2436.jpg;IMG_2437.jpg;IMG_2438.jpg
C27,C27,populated,UNKNOWN,UNKNOWN,,Capacitance not recovered; displayed numerical values are estimates,Capacitor_SMD:C_1206_3216Metric,medium,"Photo family and body/land proportions compared with adjacent known IC lead pitch. Size is independent of capacitance, dielectric and voltage rating.",0,LCR: in-circuit screening first; isolate one terminal if an individual value is needed,IMG_2436.jpg;IMG_2437.jpg;IMG_2438.jpg
C28,C28,populated,UNKNOWN,100n?,,Capacitance not recovered; displayed numerical values are estimates,Capacitor_SMD:C_0805_2012Metric,medium,"Photo family and body/land proportions compared with adjacent known IC lead pitch. Size is independent of capacitance, dielectric and voltage rating.",0,LCR: in-circuit screening first; isolate one terminal if an individual value is needed,IMG_2436.jpg;IMG_2437.jpg;IMG_2438.jpg
C29,C29,populated,UNKNOWN,UNKNOWN,,Capacitance not recovered; displayed numerical values are estimates,Capacitor_SMD:C_1206_3216Metric,medium,"Photo family and body/land proportions compared with adjacent known IC lead pitch. Size is independent of capacitance, dielectric and voltage rating.",0,LCR: in-circuit screening first; isolate one terminal if an individual value is needed,IMG_2433.jpg;IMG_2442.jpg
C30,C30,populated,UNKNOWN,18p?,,Capacitance not recovered; displayed numerical values are estimates,Capacitor_SMD:C_0805_2012Metric,medium,"Photo family and body/land proportions compared with adjacent known IC lead pitch. Size is independent of capacitance, dielectric and voltage rating.",0,LCR: in-circuit screening first; isolate one terminal if an individual value is needed,IMG_2436.jpg;IMG_2437.jpg;IMG_2438.jpg
C31,C31,populated,UNKNOWN,18p?,,Capacitance not recovered; displayed numerical values are estimates,Capacitor_SMD:C_0805_2012Metric,medium,"Photo family and body/land proportions compared with adjacent known IC lead pitch. Size is independent of capacitance, dielectric and voltage rating.",0,LCR: in-circuit screening first; isolate one terminal if an individual value is needed,IMG_2436.jpg;IMG_2437.jpg;IMG_2438.jpg
C32,C32,populated,UNKNOWN,100n?,,Capacitance not recovered; displayed numerical values are estimates,Capacitor_SMD:C_0805_2012Metric,medium,"Photo family and body/land proportions compared with adjacent known IC lead pitch. Size is independent of capacitance, dielectric and voltage rating.",0,LCR: in-circuit screening first; isolate one terminal if an individual value is needed,IMG_2436.jpg;IMG_2437.jpg;IMG_2438.jpg
C33,C33,populated,UNKNOWN,1u?,,Capacitance not recovered; displayed numerical values are estimates,Capacitor_SMD:C_0805_2012Metric,medium,"Photo family and body/land proportions compared with adjacent known IC lead pitch. Size is independent of capacitance, dielectric and voltage rating.",0,LCR: in-circuit screening first; isolate one terminal if an individual value is needed,IMG_2436.jpg;IMG_2437.jpg;IMG_2438.jpg
C34,C34,populated,UNKNOWN,100n?,,Capacitance not recovered; displayed numerical values are estimates,Capacitor_SMD:C_0805_2012Metric,medium,"Photo family and body/land proportions compared with adjacent known IC lead pitch. Size is independent of capacitance, dielectric and voltage rating.",0,LCR: in-circuit screening first; isolate one terminal if an individual value is needed,IMG_2436.jpg;IMG_2437.jpg;IMG_2438.jpg
C35,C35,populated,UNKNOWN,100n?,,Capacitance not recovered; displayed numerical values are estimates,Capacitor_SMD:C_0805_2012Metric,medium,"Photo family and body/land proportions compared with adjacent known IC lead pitch. Size is independent of capacitance, dielectric and voltage rating.",0,LCR: in-circuit screening first; isolate one terminal if an individual value is needed,IMG_2436.jpg;IMG_2437.jpg;IMG_2438.jpg
C36,C36,populated,UNKNOWN,1u?,,Capacitance not recovered; displayed numerical values are estimates,Capacitor_SMD:C_0805_2012Metric,medium,"Photo family and body/land proportions compared with adjacent known IC lead pitch. Size is independent of capacitance, dielectric and voltage rating.",0,LCR: in-circuit screening first; isolate one terminal if an individual value is needed,IMG_2430.jpg;IMG_2435.jpg
C37,C37,populated,UNKNOWN,1u?,,Capacitance not recovered; displayed numerical values are estimates,Capacitor_SMD:C_0805_2012Metric,medium,"Photo family and body/land proportions compared with adjacent known IC lead pitch. Size is independent of capacitance, dielectric and voltage rating.",0,LCR: in-circuit screening first; isolate one terminal if an individual value is needed,IMG_2430.jpg;IMG_2435.jpg
C38,C38,populated,UNKNOWN,? (rear),,Capacitance not recovered; displayed numerical values are estimates,Capacitor_SMD:C_1206_3216Metric,medium,"Photo family and body/land proportions compared with adjacent known IC lead pitch. Size is independent of capacitance, dielectric and voltage rating.",0,LCR: in-circuit screening first; isolate one terminal if an individual value is needed,IMG_2433.jpg;IMG_2442.jpg
C39,C39,populated,UNKNOWN,?,,Capacitance not recovered; displayed numerical values are estimates,Capacitor_SMD:C_0805_2012Metric,medium,"Photo family and body/land proportions compared with adjacent known IC lead pitch. Size is independent of capacitance, dielectric and voltage rating.",0,LCR: in-circuit screening first; isolate one terminal if an individual value is needed,IMG_2436.jpg;IMG_2437.jpg;IMG_2438.jpg
C40,C40,populated,UNKNOWN,UNKNOWN,,Capacitance not recovered; displayed numerical values are estimates,Capacitor_SMD:C_0805_2012Metric,medium,"Photo family and body/land proportions compared with adjacent known IC lead pitch. Size is independent of capacitance, dielectric and voltage rating.",0,LCR: in-circuit screening first; isolate one terminal if an individual value is needed,IMG_2434.jpg
C41,C41,populated,UNKNOWN,UNKNOWN,,Capacitance not recovered; displayed numerical values are estimates,Capacitor_SMD:C_0805_2012Metric,medium,"Photo family and body/land proportions compared with adjacent known IC lead pitch. Size is independent of capacitance, dielectric and voltage rating.",0,LCR: in-circuit screening first; isolate one terminal if an individual value is needed,IMG_2436.jpg;IMG_2437.jpg;IMG_2438.jpg
C42,C42,DNP,DNP,DNP,,Unpopulated option: no fitted value to recover. Unmarked ceramic: capacitance unknown; no default 100nF assigned.,Capacitor_SMD:C_0603_1608Metric,medium,"Photo family and body/land proportions compared with adjacent known IC lead pitch. Size is independent of capacitance, dielectric and voltage rating.",0,No immediate measurement requested,IMG_2434.jpg
C43,C43,populated,UNKNOWN,UNKNOWN,,Capacitance not recovered; displayed numerical values are estimates,Capacitor_SMD:C_1206_3216Metric,medium,"Photo family and body/land proportions compared with adjacent known IC lead pitch. Size is independent of capacitance, dielectric and voltage rating.",0,LCR: in-circuit screening first; isolate one terminal if an individual value is needed,IMG_2433.jpg;IMG_2442.jpg
C44,C44,populated,UNKNOWN,UNKNOWN,,Capacitance not recovered; displayed numerical values are estimates,Capacitor_SMD:C_1206_3216Metric,medium,"Photo family and body/land proportions compared with adjacent known IC lead pitch. Size is independent of capacitance, dielectric and voltage rating.",0,LCR: in-circuit screening first; isolate one terminal if an individual value is needed,IMG_2433.jpg;IMG_2442.jpg
C45,C45,populated,UNKNOWN,? (rear),,Capacitance not recovered; displayed numerical values are estimates,Capacitor_SMD:C_1206_3216Metric,medium,"Photo family and body/land proportions compared with adjacent known IC lead pitch. Size is independent of capacitance, dielectric and voltage rating.",0,LCR: in-circuit screening first; isolate one terminal if an individual value is needed,IMG_2433.jpg;IMG_2442.jpg
C46,C46,populated,UNKNOWN,UNKNOWN,,Capacitance not recovered; displayed numerical values are estimates,Capacitor_SMD:C_1206_3216Metric,medium,"Photo family and body/land proportions compared with adjacent known IC lead pitch. Size is independent of capacitance, dielectric and voltage rating.",0,LCR: in-circuit screening first; isolate one terminal if an individual value is needed,IMG_2433.jpg;IMG_2442.jpg
C47,C47,populated,UNKNOWN,UNKNOWN,,Capacitance not recovered; displayed numerical values are estimates,Capacitor_SMD:C_1206_3216Metric,medium,"Photo family and body/land proportions compared with adjacent known IC lead pitch. Size is independent of capacitance, dielectric and voltage rating.",0,LCR: in-circuit screening first; isolate one terminal if an individual value is needed,IMG_2433.jpg;IMG_2442.jpg
C48,C48,populated,UNKNOWN,? (rear),,Capacitance not recovered; displayed numerical values are estimates,Capacitor_SMD:C_1206_3216Metric,medium,"Photo family and body/land proportions compared with adjacent known IC lead pitch. Size is independent of capacitance, dielectric and voltage rating.",0,LCR: in-circuit screening first; isolate one terminal if an individual value is needed,IMG_2433.jpg;IMG_2442.jpg
C49,C49,DNP,DNP,DNP,,"Unpopulated option: no fitted value to recover. Rear C49 footprint beside antenna wire terminations in IMG_2442.jpg; presence confirmed by user 2026-10-09. Existing DNP population retained. User confirms C49 connects between ANT2 and GND (2026-10-09). Model pin1 = H_ANT_B / ANT2, pin2 = GND. Nonpolar capacitor: pin numbering is a schematic convention, not a separately measured physical pad orientation. No capacitance value or population change reported.",Capacitor_SMD:C_1206_3216Metric,medium,"Photo family and body/land proportions compared with adjacent known IC lead pitch. Size is independent of capacitance, dielectric and voltage rating.",0,No immediate measurement requested,IMG_2433.jpg;IMG_2442.jpg
C1A,C101,DNP,DNP,DNP,,Unpopulated option: no fitted value to recover. See recorded component evidence.,Capacitor_SMD:C_1206_3216Metric,medium,"Photo family and body/land proportions compared with adjacent known IC lead pitch. Size is independent of capacitance, dielectric and voltage rating.",0,No immediate measurement requested,IMG_2430.jpg
C2A,C102,DNP,DNP,DNP,,Unpopulated option: no fitted value to recover. See recorded component evidence.,Capacitor_SMD:C_1206_3216Metric,medium,"Photo family and body/land proportions compared with adjacent known IC lead pitch. Size is independent of capacitance, dielectric and voltage rating.",0,No immediate measurement requested,IMG_2430.jpg
L1,L1,populated,1.4uH,1.4uH,,Individual value recovered: 1.4uH; User LCR-meter report 2026-10-09; evidence/l1_l2_inductance_20261009.json,Inductor_SMD:L_0805_2012Metric,medium,"Two-terminal dark chip with approximately 0805 body proportions. User LCR inductance recorded separately; exact package/land fit, magnetic construction and impedance versus frequency remain unverified.",0,No immediate measurement requested,IMG_2432.jpg
L2,L2,populated,2.2uH,2.2uH,,Individual value recovered: 2.2uH; User LCR-meter report 2026-10-09; evidence/l1_l2_inductance_20261009.json,Inductor_SMD:L_0805_2012Metric,medium,"Two-terminal dark chip with approximately 0805 body proportions. User LCR inductance recorded separately; exact package/land fit, magnetic construction and impedance versus frequency remain unverified.",0,No immediate measurement requested,IMG_2430.jpg
Y1,Y1,populated,20MHz,20 MHz,JH20.000,Nominal frequency from marking; two active terminals. Case connections not inferred.,Crystal:Crystal_SMD_HC49-SD,medium-high,"Metal two-terminal SMD crystal can, compared with PIC/SOIC pitch. Height not recovered.",0,No immediate measurement requested,IMG_2436.jpg
U4,U4,populated,PIC16F18855,PIC16F18855,PIC16F18855 /SO,Microchip 28-pin SOIC pinout. Factory firmware unchanged.,Package_SO:SOIC-28W_7.5x17.9mm_P1.27mm,datasheet/package candidate,Existing assignment; see component identity evidence.,0,No immediate measurement requested,IMG_2424.jpg
U5,U5,populated,MX512H,MX512H,MX512H,Motor driver pinout from manufacturer document; logic and motor supply nets kept distinct.,Package_SO:SOIC-8_3.9x4.9mm_P1.27mm,datasheet/package candidate,Existing assignment; see component identity evidence.,0,No immediate measurement requested,IMG_2424.jpg;IMG_2438.jpg
U3,U3,populated,SGM8542XS,SGM8542XS,SGM8542XS / 2531C,Dual op amp. Standard SOIC-8 mapping verified against manufacturer pin diagram.,Package_SO:SOIC-8_3.9x4.9mm_P1.27mm,datasheet/package candidate,Existing assignment; see component identity evidence.,0,No immediate measurement requested,IMG_2429.jpg
U1,U1,populated,UNKNOWN_5PIN,S-1200B45?,PPEK,H01: ABLIC S1200 Rev6 page23 maps PPE to S-1200B45-M5T1x and fourth character to lot. Strong identity candidate; board-wide connections remain inferred.,Package_TO_SOT_SMD:SOT-23-5,datasheet/package candidate,Existing assignment; see component identity evidence.,0,No immediate measurement requested,IMG_2430.jpg
U2,U2,populated,UNKNOWN_6PIN,74LVC2G14?,C14R?,"H07: exact TI C14R marking and 6-pin DBV package match. Photo top row left to right = 3,2,1; bottom = 4,5,6.",Package_TO_SOT_SMD:SOT-23-6,datasheet/package candidate,Existing assignment; see component identity evidence.,0,No immediate measurement requested,IMG_2431.jpg
U6,U6,populated,UNKNOWN_5PIN,S-812C33AMC? / 3.3V,C2NM,"C2NM supports candidate S-812C33AMC: pin1 VSS, pin2 VIN, pin3 VOUT, pins4/5 internally NC. Pin5 is externally tied to pin2 at 1 ohm (B28); pin4 is intentionally unused by user/photo evidence. R37 input branch and J3.1 output remain modeled; actual output voltage and fitted identity are not proved by the candidate datasheet.",Package_TO_SOT_SMD:SOT-23-5,datasheet/package candidate,Existing assignment; see component identity evidence.,0,No immediate measurement requested,IMG_2435.jpg
U6A,U106,DNP,DNP,U6A / LDO option,,"Unpopulated option: no fitted value to recover. v0.9.24: same measured/photo-supported U6A input/output/GND nets retained. Replace the connector sketch by a three-pin regulator role template. SOT-23 single left input -> native U106.3, upper-right output -> U106.2, lower-right GND -> U106.1. The former connector pin1/pin3 assignment was arbitrary and is superseded. MCP1700 stock symbol supplies graphics/pin roles only; it does not identify a fitted device or establish voltage/current rating. U6A remains DNP and an alternative to fitted U6.",Package_TO_SOT_SMD:SOT-23,medium,Empty three-pad SMD option beside U6; package-family estimate only.,0,No immediate measurement requested,IMG_2435.jpg
U7,U7,DNP,DNP,DNP,,Unpopulated option: no fitted value to recover. v0.9.16: user measured U7 square pad/model1 to J3.3/GND; middle/model2 to J3.2/H_PIR_RAW; outer round/model3 to J3.1/H_PIR_VDD. IMG_2441 confirms square-pad numbering. No numerical continuity values supplied. Empty option remains DNP.,Connector_PinHeader_2.54mm:PinHeader_1x03_P2.54mm_Vertical,low,"Three empty through-hole pads; generic 2.54-mm row represents candidate hole geometry, not a fitted header or identified IC.",0,No immediate measurement requested,IMG_2441.jpg
Q1,Q1,populated,UNKNOWN,FMOS3401A?,R1A,"R1A marking matches Formosa FMOS3401A datasheet p5; SOT-23 PMOS with G=1 (photo R), S=2 (photo L), D=3 (photo single S). Candidate identification, not manufacturer proof. Drain at battery+ and source at load support reverse-polarity protection; gate-control behavior not verified. Earlier MMBT3904 NPN hypothesis withdrawn.",Package_TO_SOT_SMD:SOT-23,datasheet/package candidate,SOT-23 photo and FMOS3401A datasheet package agree. Manufacturer identity remains a candidate.,0,No immediate measurement requested,IMG_2438.jpg
Q2,Q2,populated,UNKNOWN,BC847B?,1FW / 56,"1FW supports BC847B. Candidate B=R, E=L, C=S and interface role remain inferred. J3.1 supply, J3.3 GND and J3.2-R38 K are user-confirmed; Q2/TP16 reaches PIC21/RB0 per user, separate from VREF at 800 kohm.",Package_TO_SOT_SMD:SOT-23,datasheet/package candidate,Existing assignment; see component identity evidence.,0,No immediate measurement requested,IMG_2435.jpg
Q3,Q3,populated,UNKNOWN,MMBTA55?,2H,"DISPUTED 2H / MMBTA55 PNP candidate. Q3 in-circuit diode readings: L->R 2.3V, L->S latest 0.48V (earlier 0.35V); reverse directions and R/S both ways OL. These do not confirm B=R/E=L/C=S. Copper and candidate symbol retained pending isolated-device identification; no MOSFET identity inferred from one forward path.",Package_TO_SOT_SMD:SOT-23,datasheet/package candidate,Existing assignment; see component identity evidence.,0,No immediate measurement requested,IMG_2433.jpg
Q4,Q4,populated,UNKNOWN,MMBTA55?,2H,Same 2H marking as Q3; PNP type/pinout remains disputed by Q3 in-circuit diode results (0.48V L->S; 2.3V L->R; other directions OL). This device was not diode-tested. Retain existing copper and provisional PNP symbol pending family identification.,Package_TO_SOT_SMD:SOT-23,datasheet/package candidate,Existing assignment; see component identity evidence.,0,No immediate measurement requested,IMG_2433.jpg
Q5,Q5,populated,UNKNOWN,MMBTA55?,2H,Same 2H marking as Q3; PNP type/pinout remains disputed by Q3 in-circuit diode results (0.48V L->S; 2.3V L->R; other directions OL). This device was not diode-tested. Retain existing copper and provisional PNP symbol pending family identification.,Package_TO_SOT_SMD:SOT-23,datasheet/package candidate,Existing assignment; see component identity evidence.,0,No immediate measurement requested,IMG_2433.jpg
Q6,Q6,populated,UNKNOWN,MMBTA55?,2H,Same 2H marking as Q3; PNP type/pinout remains disputed by Q3 in-circuit diode results (0.48V L->S; 2.3V L->R; other directions OL). This device was not diode-tested. Retain existing copper and provisional PNP symbol pending family identification.,Package_TO_SOT_SMD:SOT-23,datasheet/package candidate,Existing assignment; see component identity evidence.,0,No immediate measurement requested,IMG_2433.jpg
Q7,Q7,populated,UNKNOWN,BC857C?,3GW / 54,"3GW supports BC857C PNP. Photo and 11.2 kohm R18+R19 path support B=L, E=R/VDD, C=S/R20; terminal selection and switching role remain inferred. Control input R18.1 is now user-confirmed to PIC12/RC1 via V053-V070.",Package_TO_SOT_SMD:SOT-23,datasheet/package candidate,Existing assignment; see component identity evidence.,0,No immediate measurement requested,IMG_2434.jpg
Q8,Q8,populated,UNKNOWN,SIL3724A?,3724A,"3724A supports the SIL3724A complementary MOSFET candidate; fitted maker unconfirmed. B37 P-F = 1 ohm supports Q8.T2/native2 joining C6.1 on H_RF_VDD. The earlier 10-ohm reading is superseded for the current connection assessment; no fresh probe baseline or stability statement was supplied. V113/V115 centre B2/native5 GND and the outer-drain join retain earlier evidence; V114 belongs to U2.T2. Candidate pin functions, gate drive and operating levels remain unverified.",Package_TO_SOT_SMD:SOT-23-6,datasheet/package candidate,Existing assignment; see component identity evidence.,0,No immediate measurement requested,IMG_2431.jpg
Q9,Q9,DNP,DNP,NPN option / DNP,,"Unpopulated option: no fitted value to recover. v0.9.24: use generic NPN BEC symbol for empty Q9, consistent with R35 drive into paired-left pin1/base, paired-right pin2/emitter to GND, and single pin3/collector to J6.1/R36.2. NPN device class is an inference; no fitted transistor identity or rating. All option parts remain DNP. J6.2/R36.1 onward role is still unknown.",Package_TO_SOT_SMD:SOT-23,medium,Empty three-pad transistor-size option; no fitted identity.,0,No immediate measurement requested,IMG_2438.jpg
Q11,Q11,populated,UNKNOWN,MMBTA55?,2H,Same 2H marking as Q3; PNP type/pinout remains disputed by Q3 in-circuit diode results (0.48V L->S; 2.3V L->R; other directions OL). This device was not diode-tested. Retain existing copper and provisional PNP symbol pending family identification.,Package_TO_SOT_SMD:SOT-23,datasheet/package candidate,Existing assignment; see component identity evidence.,0,No immediate measurement requested,IMG_2433.jpg
D1,D1,populated,UNKNOWN,BAV99?,A7,"v0.9.30 original IMG_2431: TP3/PIC13 common reaches R6 upper (model2), R7 upper (model1) and D1 single pad/native3. D1 paired-right/native2 joins R7 lower/C9 upper/U2 native1. Photo-supported; not new bench readings. BAV99 identity and RF timing remain candidates.",Package_TO_SOT_SMD:SOT-23,datasheet/package candidate,Existing assignment; see component identity evidence.,0,No immediate measurement requested,IMG_2431.jpg
D2,D2,populated,UNKNOWN,4P / unidentified,4P,"Manufacturer candidate datasheets and pin tables exist. D2 local wiring is complete; measured R -> S -> L diode behavior supports a series pair. Remaining: Exact fitted identity/ratings remain candidates for D1-D6, Q1-Q8/Q11, U1/U2/U6. The 4P marking alone does not identify three-pin D2; a manufacturer 4P code for a two-pin diode is incompatible.",Package_TO_SOT_SMD:SOT-23,datasheet/package candidate,Existing assignment; see component identity evidence.,0,Resolve electrical risks through E03/E04/E07/E08/E09/E10. For remaining ambiguity retain the supported equivalent circuit and disclose ratings not established; no sharper-marking request or repeat D2 rail sweep. Exact manufacturer recovery is not always possible with a meter.,IMG_2434.jpg
D3,D3,populated,UNKNOWN,BAV99?,A7,"A7 and the series-dual pin map support BAV99. User confirms L=GND, R=VDD via V082, and 1.2 ohm from S to R42 (end unspecified; pad2 selected from photo). Rail-clamp role is supported; manufacturer, diode behavior and signal operating function remain unverified.",Package_TO_SOT_SMD:SOT-23,datasheet/package candidate,Existing assignment; see component identity evidence.,0,Resolve electrical risks through E03/E04/E07/E08/E09/E10. For remaining ambiguity retain the supported equivalent circuit and disclose ratings not established; no sharper-marking request or repeat D2 rail sweep. Exact manufacturer recovery is not always possible with a meter.,IMG_2434.jpg
D4,D4,populated,UNKNOWN,SD05? / TVS 5V,5U,"5U supports an SD05 TVS candidate. Model1/cathode reaches ICSP_CLK; model2/anode is ground through photo-selected V030. Polarity/routing are photo-supported, not a new diode test; exact device remains a candidate.",Diode_SMD:D_SOD-323,datasheet/package candidate,Existing assignment; see component identity evidence.,0,Resolve electrical risks through E03/E04/E07/E08/E09/E10. For remaining ambiguity retain the supported equivalent circuit and disclose ratings not established; no sharper-marking request or repeat D2 rail sweep. Exact manufacturer recovery is not always possible with a meter.,IMG_2437.jpg
D5,D5,populated,UNKNOWN,SD05? / TVS 5V,5U,"5U supports an SD05 TVS candidate. Model1/cathode reaches ICSP_DAT; model2/anode is ground through photo-selected V027. Polarity/routing are photo-supported, not a new diode test; exact device remains a candidate.",Diode_SMD:D_SOD-323,datasheet/package candidate,Existing assignment; see component identity evidence.,0,Resolve electrical risks through E03/E04/E07/E08/E09/E10. For remaining ambiguity retain the supported equivalent circuit and disclose ratings not established; no sharper-marking request or repeat D2 rail sweep. Exact manufacturer recovery is not always possible with a meter.,IMG_2437.jpg
D6,D6,populated,UNKNOWN,MMSZ5228BS? / 3.9V,G3,"G3 marking; user measurements establish anode at GND, cathode at VPP, about 0.7 V forward and OL reverse. Exact diode class/manufacturer and reverse breakdown remain unresolved; 3.9 V is a marking candidate, not a measured value.",Diode_SMD:D_SOD-323,datasheet/package candidate,Existing assignment; see component identity evidence.,0,"No more continuity or ordinary diode tests. Agent seeks a matching primary marking specification; if still ambiguous, plan a current-limited isolated breakdown test. Do not apply a high-voltage test through the PIC.",IMG_2437.jpg
S1,S1,populated,pushbutton,pushbutton,,B38-B41: A-B and C-D each 1 ohm; B-D released OL and held pressed 1 ohm. Confirms normally-open S1 with physical TL/TR common on GND (native pin1) and BL/BR common on H_BUTTON (native pin2). Additional A-C OL retained as reported. R41 reaches J1 VPP through the existing 330-ohm path. Contact issue E05 closed; exact footprint fit and the measured 6-mm housing remain separate mechanical qualifications.,Button_Switch_SMD:SW_SPST_PTS645Sx43SMTR92,"medium - measured body, photo-estimated lead span","User measured a 6 x 6 x 4 mm body plus 2 mm actuator (about 6 mm overall). Photo shows four SMD gullwing leads; approximate pad-centre span from photo/body ratio is about 8 mm, consistent with the stock PTS645 land pattern (7.96 x 4.50 mm centres). Dimensions select a candidate family, not an exact manufacturer. Library x43 footprint/3D model denotes 4.3 mm overall and must not be used as the measured 6 mm housing.",0,Electrical contacts verified; no repeat requested. Exact pad fit and 6 mm housing remain later PCB qualifications.,IMG_2438.jpg
J1,J1,populated,ICSP header,ICSP,,"IMG_2437 front: CLK-DAT-GND-VDD-VPP left to right; square pad is VPP/right end. IMG_2439 rear corroborates square end. Native pin1=VPP,2=VDD,3=GND,4=DAT,5=CLK; photo-based physical order, not new electrical measurements.",Connector_PinHeader_2.54mm:PinHeader_1x05_P2.54mm_Horizontal,medium,Five right-angle 2.54 mm candidate header. Square pad1 corresponds to photographed VPP end; pad sequence follows the stock footprint. Pitch/lead geometry remain photo-based.,0,No immediate measurement requested,IMG_2437.jpg
J3,J3,populated,PIR daughterboard,PIR BOARD,,"PIR connector: pin1 supply; pin2 to R38 K/right/model1 at 1 ohm, with 10k through R38; pin3 GND at 1 ohm. The Q2 single-pad/TP16 output reaches PIC21/RB0 by user correction. PIC21-to-VREF was withdrawn after TP16-VREF measured 0.8 Mohm. Q2 behavior remains unverified; unsupported R33 pull-up withdrawn.",Connector_PinHeader_2.54mm:PinHeader_1x03_P2.54mm_Vertical,medium,"Three soldered wire holes; generic 2.54-mm row models the candidate land pattern, not the connector housing.",0,No immediate measurement requested,IMG_2435.jpg;IMG_2441.jpg
J5,J5,populated,motor connector,MOTOR,,Two physical contacts; A/B must be related to red/black motor leads by continuity.,Connector_JST:JST_XH_B2B-XH-A_1x02_P2.50mm_Vertical,low,"Two-pin white shrouded through-hole motor connector. XH 2.5-mm geometry is a candidate; pitch, latch and maker need confirmation.",0,No immediate measurement requested,IMG_2439.jpg
J6,J6,DNP,DNP,DNP,,Unpopulated option: no fitted value to recover. v0.9.21 annotated photo: J6 left/model1 joins Q9 single/native3 and R36 right/model2. J6 right/model2 joins R36 left/model1. PIC26/RB5-TP10-R35 upper; R35 lower-Q9 paired-left; paired-right via V021 is GND. All J6/Q9/R35/R36 options remain DNP. R36 left/J6 right onward rail is not established by this annotation.,Connector_PinHeader_2.54mm:PinHeader_1x02_P2.54mm_Vertical,medium,Empty two-hole option; candidate 2.54-mm pitch from surrounding hole/pin scale.,0,No immediate measurement requested,IMG_2438.jpg
LED1,LED1,populated,Red / Green,Red / Green,,"User confirms square 1.5 x 1.5 mm package containing red and green emitters. Four pads and existing board connections retained. Which resistor/PIC channel lights each colour, internal die pairing and exact manufacturer pad numbering remain unconfirmed. No stock land pattern assigned from body size alone.",,unresolved,"User-measured square body 1.5 x 1.5 mm, red/green dual LED; four contacts visible in IMG_2432. Installed KiCad10/MCP search found no validated matching dual-LED footprint. LED_SK6812_EC15_1.5x1.5mm has four 0.5 x 0.5 mm pads on 0.9 mm centres for a different addressable package; body-size equality does not verify its land pattern or numbering. LED1 footprint remains unassigned pending a matching vendor drawing/part.",0,"B42/B43: unpowered diode mode, black K and red A then B on the LED screen. Report colour and voltage/OL. A reaches R31/PIC22; B reaches R30/PIC23 by visible traces. Internal grounded-pad pairing and manufacturer numbering remain separate; motor lead order is reviewed from photos first.; LED1 body is already measured at 1.5 x 1.5 mm. Obtain the pad geometry/numbering or matching vendor drawing; no repeat body-size request.",IMG_2432.jpg
TP1,TP1,populated,test point,test point,,Board pad: no component value required,TestPoint:TestPoint_THTPad_D2.0mm_Drill1.0mm,low,"Stock plated-hole approximation from photographs. Exact drill and annular ring remain unmeasured; these are board pads, not fitted components.",0,No immediate measurement requested,IMG_2431.jpg;IMG_2432.jpg
TP2,TP2,populated,test point,test point,,Board pad: no component value required,TestPoint:TestPoint_THTPad_D2.0mm_Drill1.0mm,low,"Stock plated-hole approximation from photographs. Exact drill and annular ring remain unmeasured; these are board pads, not fitted components.",0,No immediate measurement requested,IMG_2431.jpg;IMG_2432.jpg
TP3,TP3,populated,test point,test point,,Board pad: no component value required,TestPoint:TestPoint_THTPad_D2.0mm_Drill1.0mm,low,"Stock plated-hole approximation from photographs. Exact drill and annular ring remain unmeasured; these are board pads, not fitted components.",0,No immediate measurement requested,IMG_2431.jpg;IMG_2432.jpg
TP4,TP4,populated,test point,test point,,Board pad: no component value required,TestPoint:TestPoint_THTPad_D2.0mm_Drill1.0mm,low,"Stock plated-hole approximation from photographs. Exact drill and annular ring remain unmeasured; these are board pads, not fitted components.",0,No immediate measurement requested,IMG_2436.jpg;IMG_2437.jpg;IMG_2438.jpg
TP5,TP5,populated,test point,test point,,Board pad: no component value required,TestPoint:TestPoint_THTPad_D2.0mm_Drill1.0mm,low,"Stock plated-hole approximation from photographs. Exact drill and annular ring remain unmeasured; these are board pads, not fitted components.",0,No immediate measurement requested,IMG_2434.jpg
TP6,TP6,populated,test point,test point,,Board pad: no component value required,TestPoint:TestPoint_THTPad_D2.0mm_Drill1.0mm,low,"Stock plated-hole approximation from photographs. Exact drill and annular ring remain unmeasured; these are board pads, not fitted components.",0,No immediate measurement requested,IMG_2434.jpg
TP7,TP7,populated,test point,test point,,Board pad: no component value required,TestPoint:TestPoint_THTPad_D2.0mm_Drill1.0mm,low,"Stock plated-hole approximation from photographs. Exact drill and annular ring remain unmeasured; these are board pads, not fitted components.",0,No immediate measurement requested,IMG_2434.jpg
TP10,TP10,populated,test point,test point,,Board pad: no component value required,TestPoint:TestPoint_THTPad_D2.0mm_Drill1.0mm,low,"Stock plated-hole approximation from photographs. Exact drill and annular ring remain unmeasured; these are board pads, not fitted components.",0,No immediate measurement requested,IMG_2436.jpg;IMG_2437.jpg;IMG_2438.jpg
TP11,TP11,populated,test point,test point,,Board pad: no component value required,TestPoint:TestPoint_THTPad_D2.0mm_Drill1.0mm,low,"Stock plated-hole approximation from photographs. Exact drill and annular ring remain unmeasured; these are board pads, not fitted components.",0,No immediate measurement requested,IMG_2436.jpg;IMG_2437.jpg;IMG_2438.jpg
TP14,TP14,populated,test point,test point,,Board pad: no component value required,TestPoint:TestPoint_THTPad_D2.0mm_Drill1.0mm,low,"Stock plated-hole approximation from photographs. Exact drill and annular ring remain unmeasured; these are board pads, not fitted components.",0,No immediate measurement requested,IMG_2436.jpg;IMG_2437.jpg;IMG_2438.jpg
TP15,TP15,populated,test point,test point,,Board pad: no component value required,TestPoint:TestPoint_THTPad_D2.0mm_Drill1.0mm,low,"Stock plated-hole approximation from photographs. Exact drill and annular ring remain unmeasured; these are board pads, not fitted components.",0,No immediate measurement requested,IMG_2436.jpg;IMG_2437.jpg;IMG_2438.jpg
TP16,TP16,populated,test point,test point,,Board pad: no component value required,TestPoint:TestPoint_THTPad_D2.0mm_Drill1.0mm,low,"Stock plated-hole approximation from photographs. Exact drill and annular ring remain unmeasured; these are board pads, not fitted components.",0,No immediate measurement requested,IMG_2435.jpg
TP17,TP17,populated,test point,test point,,Board pad: no component value required,TestPoint:TestPoint_THTPad_D2.0mm_Drill1.0mm,low,"Stock plated-hole approximation from photographs. Exact drill and annular ring remain unmeasured; these are board pads, not fitted components.",0,No immediate measurement requested,IMG_2436.jpg;IMG_2437.jpg;IMG_2438.jpg
GND,TP101,populated,GND,GND pad,,Board pad: no component value required,TestPoint:TestPoint_THTPad_D2.0mm_Drill1.0mm,low,"Stock plated-hole approximation from photographs. Exact drill and annular ring remain unmeasured; these are board pads, not fitted components.",0,No immediate measurement requested,IMG_2430.jpg;IMG_2433.jpg;IMG_2435.jpg;IMG_2438.jpg
GND_RF,TP102,populated,GND (RF end),GND pad,,Board pad: no component value required,TestPoint:TestPoint_THTPad_D2.0mm_Drill1.0mm,low,"Stock plated-hole approximation from photographs. Exact drill and annular ring remain unmeasured; these are board pads, not fitted components.",0,No immediate measurement requested,IMG_2432.jpg
VDD,TP103,populated,VDD,VDD (logic supply),,Board pad: no component value required,TestPoint:TestPoint_THTPad_D2.0mm_Drill1.0mm,low,"Stock plated-hole approximation from photographs. Exact drill and annular ring remain unmeasured; these are board pads, not fitted components.",0,No immediate measurement requested,IMG_2430.jpg;IMG_2433.jpg;IMG_2435.jpg;IMG_2438.jpg
VREF,TP104,populated,VREF,VREF,,Board pad: no component value required,TestPoint:TestPoint_THTPad_D2.0mm_Drill1.0mm,low,"Stock plated-hole approximation from photographs. Exact drill and annular ring remain unmeasured; these are board pads, not fitted components.",0,No immediate measurement requested,IMG_2430.jpg;IMG_2433.jpg;IMG_2435.jpg;IMG_2438.jpg
ANT1,TP105,populated,ANT1,ANTENNA A,,Board pad: no component value required,TestPoint:TestPoint_THTPad_D2.0mm_Drill1.0mm,low,"Stock plated-hole approximation from photographs. Exact drill and annular ring remain unmeasured; these are board pads, not fitted components.",0,No immediate measurement requested,IMG_2430.jpg;IMG_2433.jpg;IMG_2435.jpg;IMG_2438.jpg
ANT2,TP106,populated,ANT2,ANTENNA B,,Board pad: no component value required,TestPoint:TestPoint_THTPad_D2.0mm_Drill1.0mm,low,"Stock plated-hole approximation from photographs. Exact drill and annular ring remain unmeasured; these are board pads, not fitted components.",0,No immediate measurement requested,IMG_2430.jpg;IMG_2433.jpg;IMG_2435.jpg;IMG_2438.jpg
BATP,TP107,populated,BATP,BATTERY +,,Board pad: no component value required,TestPoint:TestPoint_THTPad_2.5x2.5mm_Drill1.2mm,low,"Stock plated-hole approximation from photographs. Exact drill and annular ring remain unmeasured; these are board pads, not fitted components.",0,No immediate measurement requested,IMG_2430.jpg;IMG_2433.jpg;IMG_2435.jpg;IMG_2438.jpg
BATN,TP108,populated,BATN,BATTERY -,,Board pad: no component value required,TestPoint:TestPoint_THTPad_2.5x2.5mm_Drill1.2mm,low,"Stock plated-hole approximation from photographs. Exact drill and annular ring remain unmeasured; these are board pads, not fitted components.",0,No immediate measurement requested,IMG_2430.jpg;IMG_2433.jpg;IMG_2435.jpg;IMG_2438.jpg
