original_ref,kicad_ref,observed_value,proposed_value,marking,population,source,hypothesis,unresolved_pin_count
R3,R3,330k,330k,334,populated,IMG_2436.jpg;IMG_2437.jpg;IMG_2438.jpg,See reconstruction notes; added connectivity inferred,0
R4,R4,330k,330k,334,populated,IMG_2436.jpg;IMG_2437.jpg;IMG_2438.jpg,See reconstruction notes; added connectivity inferred,0
R5,R5,22,22,220,populated,IMG_2431.jpg;IMG_2432.jpg,See reconstruction notes; added connectivity inferred,0
R6,R6,1.2k,1.2k,122,populated,IMG_2431.jpg;IMG_2432.jpg,See reconstruction notes; added connectivity inferred,0
R7,R7,1.8k,1.8k,182,populated,IMG_2431.jpg;IMG_2432.jpg,See reconstruction notes; added connectivity inferred,0
R8,R8,220,220,221,populated,IMG_2431.jpg;IMG_2432.jpg,See reconstruction notes; added connectivity inferred,0
R9,R9,220,220,221,populated,IMG_2431.jpg;IMG_2432.jpg,See reconstruction notes; added connectivity inferred,0
R10,R10,10k,10k,01C,populated,IMG_2431.jpg;IMG_2432.jpg,See reconstruction notes; added connectivity inferred,0
R11,R11,1.8k,1.8k,182,populated,IMG_2433.jpg,See reconstruction notes; added connectivity inferred,0
R13,R13,1.8k,1.8k,182,populated,IMG_2433.jpg,See reconstruction notes; added connectivity inferred,0
R14,R14,1.8k,1.8k,182,populated,IMG_2433.jpg,See reconstruction notes; added connectivity inferred,0
R15,R15,1.8k,1.8k,182,populated,IMG_2433.jpg,See reconstruction notes; added connectivity inferred,0
R16,R16,1.8k,1.8k,182,populated,IMG_2433.jpg,See reconstruction notes; added connectivity inferred,0
R18,R18,1.2k,1.2k,122,populated,IMG_2429.jpg;IMG_2434.jpg,See reconstruction notes; added connectivity inferred,0
R19,R19,10k,10k,01C,populated,IMG_2429.jpg;IMG_2434.jpg,See reconstruction notes; added connectivity inferred,0
R20,R20,22,22,220,populated,IMG_2429.jpg;IMG_2434.jpg,See reconstruction notes; added connectivity inferred,0
R21,R21,10k,10k,01C,populated,IMG_2429.jpg;IMG_2434.jpg,See reconstruction notes; added connectivity inferred,0
R22,R22,10k,10k,01C,populated,IMG_2429.jpg;IMG_2434.jpg,See reconstruction notes; added connectivity inferred,0
R23,R23,5.6k,5.6k,562,populated,IMG_2429.jpg;IMG_2434.jpg,See reconstruction notes; added connectivity inferred,0
R24,R24,120k,120k,124,populated,IMG_2429.jpg;IMG_2434.jpg,See reconstruction notes; added connectivity inferred,0
R25,R25,1.2k,1.2k,122,populated,IMG_2429.jpg;IMG_2434.jpg,See reconstruction notes; added connectivity inferred,0
R26,R26,120k,120k,124,populated,IMG_2429.jpg;IMG_2434.jpg,See reconstruction notes; added connectivity inferred,0
R27,R27,10k,10k,01C,populated,IMG_2429.jpg;IMG_2434.jpg,See reconstruction notes; added connectivity inferred,0
R28,R28,1M,1M,1004,populated,IMG_2429.jpg;IMG_2434.jpg,See reconstruction notes; added connectivity inferred,0
R29,R29,UNKNOWN,15k?,18C?,populated,IMG_2429.jpg;IMG_2434.jpg,See reconstruction notes; added connectivity inferred,0
R30,R30,220,220,221,populated,IMG_2431.jpg;IMG_2432.jpg,See reconstruction notes; added connectivity inferred,0
R31,R31,220,220,221,populated,IMG_2431.jpg;IMG_2432.jpg,See reconstruction notes; added connectivity inferred,0
R32,R32,10k,10k,01C,populated,IMG_2436.jpg;IMG_2437.jpg;IMG_2438.jpg,See reconstruction notes; added connectivity inferred,0
R33,R33,10k,10k,01C,populated,IMG_2435.jpg,See reconstruction notes; added connectivity inferred,0
R37,R37,22,22,220,populated,IMG_2435.jpg,See reconstruction notes; added connectivity inferred,0
R38,R38,10k,10k,01C,populated,IMG_2435.jpg,See reconstruction notes; added connectivity inferred,0
R39,R39,10k,10k,01C,populated,IMG_2435.jpg,See reconstruction notes; added connectivity inferred,0
R40,R40,10k,10k,01C,populated,IMG_2436.jpg;IMG_2437.jpg;IMG_2438.jpg,See reconstruction notes; added connectivity inferred,0
R41,R41,UNKNOWN,mark 33...?,33?,populated,IMG_2436.jpg;IMG_2437.jpg;IMG_2438.jpg,See reconstruction notes; added connectivity inferred,0
R42,R42,1.2k,1.2k,122,populated,IMG_2429.jpg;IMG_2434.jpg,See reconstruction notes; added connectivity inferred,0
R43,R43,6.8k,6.8k,682,populated,IMG_2436.jpg;IMG_2437.jpg;IMG_2438.jpg,See reconstruction notes; added connectivity inferred,0
R44,R44,UNKNOWN,15k?,18C?,populated,IMG_2436.jpg;IMG_2437.jpg;IMG_2438.jpg,See reconstruction notes; added connectivity inferred,0
R48,R48,5.6k,5.6k,562,populated,IMG_2429.jpg;IMG_2434.jpg,See reconstruction notes; added connectivity inferred,0
R1,R1,DNP,DNP,,DNP,IMG_2430.jpg;IMG_2434.jpg;IMG_2438.jpg,See reconstruction notes; added connectivity inferred,1
R2,R2,DNP,DNP,,DNP,IMG_2430.jpg;IMG_2434.jpg;IMG_2438.jpg,See reconstruction notes; added connectivity inferred,1
R35,R35,DNP,DNP,,DNP,IMG_2430.jpg;IMG_2434.jpg;IMG_2438.jpg,See reconstruction notes; added connectivity inferred,2
R36,R36,DNP,DNP,,DNP,IMG_2430.jpg;IMG_2434.jpg;IMG_2438.jpg,See reconstruction notes; added connectivity inferred,2
R46,R46,DNP,DNP,,DNP,IMG_2430.jpg;IMG_2434.jpg;IMG_2438.jpg,See reconstruction notes; added connectivity inferred,2
R47,R47,DNP,DNP,,DNP,IMG_2430.jpg;IMG_2434.jpg;IMG_2438.jpg,See reconstruction notes; added connectivity inferred,2
C1,C1,UNKNOWN,1u?,,populated,IMG_2430.jpg;IMG_2435.jpg,See reconstruction notes; added connectivity inferred,0
C2,C2,UNKNOWN,4.7u?,,populated,IMG_2430.jpg;IMG_2435.jpg,See reconstruction notes; added connectivity inferred,0
C3,C3,DNP,DNP,,DNP,IMG_2430.jpg;IMG_2435.jpg,See reconstruction notes; added connectivity inferred,1
C4,C4,DNP,DNP,,DNP,IMG_2430.jpg;IMG_2435.jpg,See reconstruction notes; added connectivity inferred,1
C5,C5,UNKNOWN,electrolytic ?,,populated,IMG_2431.jpg;IMG_2432.jpg,See reconstruction notes; added connectivity inferred,0
C6,C6,UNKNOWN,UNKNOWN,,populated,IMG_2431.jpg;IMG_2432.jpg,See reconstruction notes; added connectivity inferred,0
C7,C7,UNKNOWN,100n?,,populated,IMG_2431.jpg;IMG_2432.jpg,See reconstruction notes; added connectivity inferred,0
C8,C8,UNKNOWN,UNKNOWN,,populated,IMG_2431.jpg;IMG_2432.jpg,See reconstruction notes; added connectivity inferred,0
C9,C9,UNKNOWN,UNKNOWN,,populated,IMG_2431.jpg;IMG_2432.jpg,See reconstruction notes; added connectivity inferred,0
C10,C10,UNKNOWN,UNKNOWN,,populated,IMG_2433.jpg;IMG_2442.jpg,See reconstruction notes; added connectivity inferred,0
C11,C11,UNKNOWN,UNKNOWN,,populated,IMG_2433.jpg;IMG_2442.jpg,See reconstruction notes; added connectivity inferred,0
C12,C12,UNKNOWN,? (rear),,populated,IMG_2433.jpg;IMG_2442.jpg,See reconstruction notes; added connectivity inferred,0
C13,C13,UNKNOWN,UNKNOWN,,populated,IMG_2433.jpg;IMG_2442.jpg,See reconstruction notes; added connectivity inferred,0
C14,C14,UNKNOWN,UNKNOWN,,populated,IMG_2433.jpg;IMG_2442.jpg,See reconstruction notes; added connectivity inferred,0
C15,C15,UNKNOWN,? (rear),,populated,IMG_2433.jpg;IMG_2442.jpg,See reconstruction notes; added connectivity inferred,0
C16,C16,UNKNOWN,UNKNOWN,,populated,IMG_2433.jpg;IMG_2442.jpg,See reconstruction notes; added connectivity inferred,0
C17,C17,UNKNOWN,100n?,,populated,IMG_2434.jpg,See reconstruction notes; added connectivity inferred,0
C18,C18,UNKNOWN,UNKNOWN,,populated,IMG_2434.jpg,See reconstruction notes; added connectivity inferred,0
C19,C19,UNKNOWN,UNKNOWN,,populated,IMG_2434.jpg,See reconstruction notes; added connectivity inferred,0
C20,C20,UNKNOWN,UNKNOWN,,populated,IMG_2434.jpg,See reconstruction notes; added connectivity inferred,0
C21,C21,UNKNOWN,UNKNOWN,,populated,IMG_2434.jpg,See reconstruction notes; added connectivity inferred,0
C22,C22,UNKNOWN,UNKNOWN,,populated,IMG_2434.jpg,See reconstruction notes; added connectivity inferred,0
C23,C23,UNKNOWN,UNKNOWN,,populated,IMG_2434.jpg,See reconstruction notes; added connectivity inferred,0
C24,C24,UNKNOWN,100n?,,populated,IMG_2434.jpg,See reconstruction notes; added connectivity inferred,0
C25,C25,UNKNOWN,100n?,,populated,IMG_2436.jpg;IMG_2437.jpg;IMG_2438.jpg,See reconstruction notes; added connectivity inferred,0
C26,C26,UNKNOWN,100n?,,populated,IMG_2436.jpg;IMG_2437.jpg;IMG_2438.jpg,See reconstruction notes; added connectivity inferred,0
C27,C27,UNKNOWN,UNKNOWN,,populated,IMG_2436.jpg;IMG_2437.jpg;IMG_2438.jpg,See reconstruction notes; added connectivity inferred,2
C28,C28,UNKNOWN,100n?,,populated,IMG_2436.jpg;IMG_2437.jpg;IMG_2438.jpg,See reconstruction notes; added connectivity inferred,0
C29,C29,UNKNOWN,UNKNOWN,,populated,IMG_2433.jpg;IMG_2442.jpg,See reconstruction notes; added connectivity inferred,0
C30,C30,UNKNOWN,18p?,,populated,IMG_2436.jpg;IMG_2437.jpg;IMG_2438.jpg,See reconstruction notes; added connectivity inferred,0
C31,C31,UNKNOWN,18p?,,populated,IMG_2436.jpg;IMG_2437.jpg;IMG_2438.jpg,See reconstruction notes; added connectivity inferred,0
C32,C32,UNKNOWN,100n?,,populated,IMG_2436.jpg;IMG_2437.jpg;IMG_2438.jpg,See reconstruction notes; added connectivity inferred,0
C33,C33,UNKNOWN,1u?,,populated,IMG_2436.jpg;IMG_2437.jpg;IMG_2438.jpg,See reconstruction notes; added connectivity inferred,0
C34,C34,UNKNOWN,100n?,,populated,IMG_2436.jpg;IMG_2437.jpg;IMG_2438.jpg,See reconstruction notes; added connectivity inferred,0
C35,C35,UNKNOWN,100n?,,populated,IMG_2436.jpg;IMG_2437.jpg;IMG_2438.jpg,See reconstruction notes; added connectivity inferred,0
C36,C36,UNKNOWN,1u?,,populated,IMG_2430.jpg;IMG_2435.jpg,See reconstruction notes; added connectivity inferred,0
C37,C37,UNKNOWN,1u?,,populated,IMG_2430.jpg;IMG_2435.jpg,See reconstruction notes; added connectivity inferred,0
C38,C38,UNKNOWN,? (rear),,populated,IMG_2433.jpg;IMG_2442.jpg,See reconstruction notes; added connectivity inferred,0
C39,C39,UNKNOWN,100n?,,populated,IMG_2436.jpg;IMG_2437.jpg;IMG_2438.jpg,See reconstruction notes; added connectivity inferred,0
C40,C40,UNKNOWN,UNKNOWN,,populated,IMG_2434.jpg,See reconstruction notes; added connectivity inferred,0
C41,C41,UNKNOWN,UNKNOWN,,populated,IMG_2436.jpg;IMG_2437.jpg;IMG_2438.jpg,See reconstruction notes; added connectivity inferred,2
C42,C42,DNP,DNP,,DNP,IMG_2434.jpg,See reconstruction notes; added connectivity inferred,2
C43,C43,UNKNOWN,UNKNOWN,,populated,IMG_2433.jpg;IMG_2442.jpg,See reconstruction notes; added connectivity inferred,0
C44,C44,UNKNOWN,UNKNOWN,,populated,IMG_2433.jpg;IMG_2442.jpg,See reconstruction notes; added connectivity inferred,0
C45,C45,UNKNOWN,? (rear),,populated,IMG_2433.jpg;IMG_2442.jpg,See reconstruction notes; added connectivity inferred,0
C46,C46,UNKNOWN,UNKNOWN,,populated,IMG_2433.jpg;IMG_2442.jpg,See reconstruction notes; added connectivity inferred,0
C47,C47,UNKNOWN,UNKNOWN,,populated,IMG_2433.jpg;IMG_2442.jpg,See reconstruction notes; added connectivity inferred,0
C48,C48,UNKNOWN,? (rear),,populated,IMG_2433.jpg;IMG_2442.jpg,See reconstruction notes; added connectivity inferred,0
C49,C49,DNP,DNP,,DNP,IMG_2433.jpg;IMG_2442.jpg,See reconstruction notes; added connectivity inferred,2
C1A,C101,DNP,DNP,,DNP,IMG_2430.jpg,See reconstruction notes; added connectivity inferred,0
C2A,C102,DNP,DNP,,DNP,IMG_2430.jpg,See reconstruction notes; added connectivity inferred,0
L1,L1,UNKNOWN,bead / L ?,,populated,IMG_2432.jpg,See reconstruction notes; added connectivity inferred,0
L2,L2,UNKNOWN,bead / L ?,,populated,IMG_2430.jpg,See reconstruction notes; added connectivity inferred,0
Y1,Y1,20MHz,20 MHz,JH20.000,populated,IMG_2436.jpg,See reconstruction notes; added connectivity inferred,0
U4,U4,PIC16F18855,PIC16F18855,PIC16F18855 /SO,populated,IMG_2424.jpg,See reconstruction notes; added connectivity inferred,19
U5,U5,MX512H,MX512H,MX512H,populated,IMG_2424.jpg;IMG_2438.jpg,See reconstruction notes; added connectivity inferred,0
U3,U3,SGM8542XS,SGM8542XS,SGM8542XS / 2531C,populated,IMG_2429.jpg,See reconstruction notes; added connectivity inferred,0
U1,U1,UNKNOWN_5PIN,S-1200B45?,PPEK,populated,IMG_2430.jpg,H01: ABLIC S1200 Rev6 page23 maps PPE to S-1200B45-M5T1x and fourth character to lot. Strong identity candidate; board-wide connections remain inferred.,0
U2,U2,UNKNOWN_6PIN,74LVC2G14?,C14R?,populated,IMG_2431.jpg,"H07: exact TI C14R marking and 6-pin DBV package match. Photo top row left to right = 3,2,1; bottom = 4,5,6.",0
U6,U6,UNKNOWN_5PIN,LDO? / WN23,WN23?,populated,IMG_2435.jpg,"H14: selected SOT23-5 LDO topology from two adjacent capacitors; WN can also identify RT9818 supervisor, so all role assignments remain provisional.",1
U6A,U106,DNP,DNP,,DNP,IMG_2435.jpg,See reconstruction notes; added connectivity inferred,3
U7,U7,DNP,DNP,,DNP,IMG_2441.jpg,See reconstruction notes; added connectivity inferred,3
Q1,Q1,UNKNOWN,MMBT3904?,R1A,populated,IMG_2438.jpg,"H05: R1A mark suggests MMBT3904; B=R, E=L, C=S inferred from SOT23 orientation.",0
Q2,Q2,UNKNOWN,BC847B?,1FW / 56,populated,IMG_2435.jpg,H15: 1FW suggests BC847B. B=R E=L C=S. PIR interface role and J3 order inferred.,0
Q3,Q3,UNKNOWN,MMBTA55?,2H,populated,IMG_2433.jpg,H13: 2H marking suggests PNP MMBTA55/FMMTA55 family; PBSS5140T alternative. B=R E=L C=S assumed.,0
Q4,Q4,UNKNOWN,MMBTA55?,2H,populated,IMG_2433.jpg,H13: 2H marking suggests PNP MMBTA55/FMMTA55 family; PBSS5140T alternative. B=R E=L C=S assumed.,0
Q5,Q5,UNKNOWN,MMBTA55?,2H,populated,IMG_2433.jpg,H13: 2H marking suggests PNP MMBTA55/FMMTA55 family; PBSS5140T alternative. B=R E=L C=S assumed.,0
Q6,Q6,UNKNOWN,MMBTA55?,2H,populated,IMG_2433.jpg,H13: 2H marking suggests PNP MMBTA55/FMMTA55 family; PBSS5140T alternative. B=R E=L C=S assumed.,0
Q7,Q7,UNKNOWN,BC857C?,3GW / 54,populated,IMG_2434.jpg,H11: 3GW fits BC857C. Physical B=L E=R C=S orientation and switched supply role inferred.,0
Q8,Q8,UNKNOWN,dual switch? / 372A,372A,populated,IMG_2431.jpg,H09: paired 220-ohm inputs from U2 suggest complementary RF switching device; exact type and supply-pad assignment unknown.,3
Q9,Q9,DNP,DNP,,DNP,IMG_2438.jpg,See reconstruction notes; added connectivity inferred,3
Q11,Q11,UNKNOWN,MMBTA55?,2H,populated,IMG_2433.jpg,H13: 2H marking suggests PNP MMBTA55/FMMTA55 family; PBSS5140T alternative. B=R E=L C=S assumed.,0
D1,D1,UNKNOWN,BAV99?,A7,populated,IMG_2431.jpg,H08: A7 mark + SOT23 fits BAV99 series dual diode. Photo pad mapping is provisional.,0
D2,D2,UNKNOWN,clamp?,,populated,IMG_2434.jpg,See reconstruction notes; added connectivity inferred,0
D3,D3,UNKNOWN,clamp?,,populated,IMG_2434.jpg,See reconstruction notes; added connectivity inferred,0
D4,D4,UNKNOWN,UNKNOWN,,populated,IMG_2437.jpg,See reconstruction notes; added connectivity inferred,2
D5,D5,UNKNOWN,UNKNOWN,,populated,IMG_2437.jpg,See reconstruction notes; added connectivity inferred,2
D6,D6,UNKNOWN,UNKNOWN,,populated,IMG_2437.jpg,See reconstruction notes; added connectivity inferred,2
S1,S1,pushbutton,pushbutton,,populated,IMG_2438.jpg,See reconstruction notes; added connectivity inferred,0
J1,J1,ICSP header,ICSP,,populated,IMG_2437.jpg,See reconstruction notes; added connectivity inferred,0
J3,J3,PIR daughterboard,PIR BOARD,,populated,IMG_2435.jpg;IMG_2441.jpg,See reconstruction notes; added connectivity inferred,0
J5,J5,motor connector,MOTOR,,populated,IMG_2439.jpg,See reconstruction notes; added connectivity inferred,0
J6,J6,DNP,DNP,,DNP,IMG_2438.jpg,See reconstruction notes; added connectivity inferred,2
LED1,LED1,UNKNOWN_4PAD,2-colour LED?,,populated,IMG_2432.jpg,See reconstruction notes; added connectivity inferred,0
TP1,TP1,test point,test point,,populated,IMG_2431.jpg;IMG_2432.jpg,See reconstruction notes; added connectivity inferred,0
TP2,TP2,test point,test point,,populated,IMG_2431.jpg;IMG_2432.jpg,See reconstruction notes; added connectivity inferred,0
TP3,TP3,test point,test point,,populated,IMG_2431.jpg;IMG_2432.jpg,See reconstruction notes; added connectivity inferred,0
TP4,TP4,test point,test point,,populated,IMG_2436.jpg;IMG_2437.jpg;IMG_2438.jpg,See reconstruction notes; added connectivity inferred,0
TP5,TP5,test point,test point,,populated,IMG_2434.jpg,See reconstruction notes; added connectivity inferred,0
TP6,TP6,test point,test point,,populated,IMG_2434.jpg,See reconstruction notes; added connectivity inferred,0
TP7,TP7,test point,test point,,populated,IMG_2434.jpg,See reconstruction notes; added connectivity inferred,0
TP9,TP9,test point,test point,,populated,IMG_2436.jpg;IMG_2437.jpg;IMG_2438.jpg,See reconstruction notes; added connectivity inferred,1
TP10,TP10,test point,test point,,populated,IMG_2436.jpg;IMG_2437.jpg;IMG_2438.jpg,See reconstruction notes; added connectivity inferred,1
TP11,TP11,test point,test point,,populated,IMG_2436.jpg;IMG_2437.jpg;IMG_2438.jpg,See reconstruction notes; added connectivity inferred,0
TP14,TP14,test point,test point,,populated,IMG_2436.jpg;IMG_2437.jpg;IMG_2438.jpg,See reconstruction notes; added connectivity inferred,0
TP15,TP15,test point,test point,,populated,IMG_2436.jpg;IMG_2437.jpg;IMG_2438.jpg,See reconstruction notes; added connectivity inferred,0
TP16,TP16,test point,test point,,populated,IMG_2435.jpg,See reconstruction notes; added connectivity inferred,0
TP17,TP17,test point,test point,,populated,IMG_2436.jpg;IMG_2437.jpg;IMG_2438.jpg,See reconstruction notes; added connectivity inferred,0
GND,TP101,GND,GND pad,,populated,IMG_2430.jpg;IMG_2433.jpg;IMG_2435.jpg;IMG_2438.jpg,See reconstruction notes; added connectivity inferred,0
GND_RF,TP102,GND (RF end),GND pad,,populated,IMG_2432.jpg,See reconstruction notes; added connectivity inferred,0
VDD,TP103,VDD,VDD pad,,populated,IMG_2430.jpg;IMG_2433.jpg;IMG_2435.jpg;IMG_2438.jpg,See reconstruction notes; added connectivity inferred,0
VREF,TP104,VREF,VREF pad / net ?,,populated,IMG_2430.jpg;IMG_2433.jpg;IMG_2435.jpg;IMG_2438.jpg,See reconstruction notes; added connectivity inferred,1
ANT1,TP105,ANT1,ANTENNA A,,populated,IMG_2430.jpg;IMG_2433.jpg;IMG_2435.jpg;IMG_2438.jpg,See reconstruction notes; added connectivity inferred,0
ANT2,TP106,ANT2,ANTENNA B,,populated,IMG_2430.jpg;IMG_2433.jpg;IMG_2435.jpg;IMG_2438.jpg,See reconstruction notes; added connectivity inferred,0
BATP,TP107,BATP,BATTERY +,,populated,IMG_2430.jpg;IMG_2433.jpg;IMG_2435.jpg;IMG_2438.jpg,See reconstruction notes; added connectivity inferred,0
BATN,TP108,BATN,BATTERY -,,populated,IMG_2430.jpg;IMG_2433.jpg;IMG_2435.jpg;IMG_2438.jpg,See reconstruction notes; added connectivity inferred,0
