pin,gpio,net,open_pad,evidence
1,RE3/MCLR,MCLR_VPP,False,J1 VPP; mapping inferred; D6 route missing
2,RA0,PIC_RA0_FILTER,False,C25 signal pad / V031; onward destination unknown
3,RA1,PIC_RA1_RX_REF,False,R28 + R29 + TP7; user meter / visible trace
4,RA2,PIC_RA2_FILTER,False,C39 signal pad / V035; onward destination unknown
5,RA3,,True,No visible exit; V036 under-body alignment candidate only
6,RA4,,True,No visible exit; V037 under-body alignment candidate only
7,RA5,,True,No visible exit; V039 under-body alignment candidate only
8,VSS,H_GND,False,GND / V041 photo anchor
9,RA7/OSC1,OSC1,False,Y1 oscillator; photo-derived
10,RA6/OSC2,OSC2,False,Y1 oscillator; photo-derived
11,RC0,,True,No visible exit; V047 under-body alignment candidate only
12,RC1,PIC_RC1_VREF,False,"VREF board pad / V053; visible local route, remote net unknown"
13,RC2,,True,No visible exit; V049 under-body alignment candidate only
14,RC3,PIC_RC3,False,TP11; visible route; onward destination unknown
15,RC4,,True,V022 user association; remote destination unknown
16,RC5,,True,V023 user association; remote destination unknown
17,RC6,H_TUNE_1,False,R13; user meter / visible trace
18,RC7,PIC_RC7_TP17,False,TP17; visible route; old R13 guess withdrawn
19,VSS,H_GND,False,GND / C32 / V045 photo anchor
20,VDD,H_VDD,False,Regulated VDD / C32 / V042 photo anchor
21,RB0,,True,V026; user correction. Onward destination unknown
22,RB1,H_LED_CTL_B,False,TP2 / R31; user meter / visible trace
23,RB2,H_LED_CTL_A,False,TP1 / R30; user meter / visible trace
24,RB3,PIC_RB3_RETURN,False,R4; photo-derived; sensing role remains inferred
25,RB4,PIC_TP4_C41,False,TP4 / C41; user meter / visible trace
26,RB5,RB5_OPT,False,TP10 / R35; user meter / visible trace
27,RB6/ICSPCLK,ICSP_CLK,False,ICSP CLK / D4 / R32; photo-derived
28,RB7/ICSPDAT,ICSP_DAT,False,ICSP DAT / D5 / R40; photo-derived
