pin,gpio,photo_side,position,destination_reference,destination_pad_or_pin,resistance_ohms,method,notes
5,RA3,right,from bottom: 5,,,,User visual trace and multimeter; no numeric reading,No visible trace; possible hidden trace/via
6,RA4,right,from bottom: 6,,,,User visual trace and multimeter; no numeric reading,No visible trace; possible hidden trace/via
7,RA5,right,from bottom: 7,,,,User visual trace and multimeter; no numeric reading,No visible trace; possible hidden trace/via
11,RC0,right,from bottom: 11,,,,User visual trace and multimeter; no numeric reading,No visible trace; possible hidden trace/via
12,RC1,right,from bottom: 12,,,,User visual trace and multimeter; no numeric reading,Via; user suspects internal layer
13,RC2,right,from bottom: 13,,,,User visual trace and multimeter; no numeric reading,No visible trace; possible hidden trace/via
15,RC4,left,from top: 1,,,,User visual trace and multimeter; no numeric reading,Via; user suspects internal layer
16,RC5,left,from top: 2,,,,User visual trace and multimeter; no numeric reading,Via; user suspects internal layer
21,RB0,left,from top: 7,,,,User visual trace and multimeter; no numeric reading,Via; user suspects internal layer
