original_ref,pin,reason
C27,1,Trace / function unresolved; no certified NC flag
C27,2,Trace / function unresolved; no certified NC flag
C3,1,Unpopulated footprint
C4,1,Unpopulated footprint
C41,1,Trace / function unresolved; no certified NC flag
C41,2,Trace / function unresolved; no certified NC flag
C42,1,Unpopulated footprint
C42,2,Unpopulated footprint
C49,1,Unpopulated footprint
C49,2,Unpopulated footprint
C6,1,Trace / function unresolved; no certified NC flag
D2,L,Trace / function unresolved; no certified NC flag
D2,R,Trace / function unresolved; no certified NC flag
D2,S,Trace / function unresolved; no certified NC flag
D4,1,Trace / function unresolved; no certified NC flag
D4,2,Trace / function unresolved; no certified NC flag
D5,1,Trace / function unresolved; no certified NC flag
D5,2,Trace / function unresolved; no certified NC flag
D6,1,Trace / function unresolved; no certified NC flag
D6,2,Trace / function unresolved; no certified NC flag
J6,1,Unpopulated footprint
J6,2,Unpopulated footprint
Q9,L,Unpopulated footprint
Q9,R,Unpopulated footprint
Q9,S,Unpopulated footprint
R1,1,Unpopulated footprint
R2,1,Unpopulated footprint
R35,1,Unpopulated footprint
R35,2,Unpopulated footprint
R36,1,Unpopulated footprint
R36,2,Unpopulated footprint
R46,1,Unpopulated footprint
R46,2,Unpopulated footprint
R47,1,Unpopulated footprint
R47,2,Unpopulated footprint
TP10,1,Trace / function unresolved; no certified NC flag
TP9,1,Trace / function unresolved; no certified NC flag
U4,11,Trace / function unresolved; no certified NC flag
U4,12,Trace / function unresolved; no certified NC flag
U4,13,Trace / function unresolved; no certified NC flag
U4,15,Trace / function unresolved; no certified NC flag
U4,16,Trace / function unresolved; no certified NC flag
U4,17,Trace / function unresolved; no certified NC flag
U4,18,Trace / function unresolved; no certified NC flag
U4,2,Trace / function unresolved; no certified NC flag
U4,21,Trace / function unresolved; no certified NC flag
U4,22,Trace / function unresolved; no certified NC flag
U4,23,Trace / function unresolved; no certified NC flag
U4,24,Trace / function unresolved; no certified NC flag
U4,25,Trace / function unresolved; no certified NC flag
U4,26,Trace / function unresolved; no certified NC flag
U4,3,Trace / function unresolved; no certified NC flag
U4,4,Trace / function unresolved; no certified NC flag
U4,5,Trace / function unresolved; no certified NC flag
U4,6,Trace / function unresolved; no certified NC flag
U4,7,Trace / function unresolved; no certified NC flag
U6,L1,Trace / function unresolved; no certified NC flag
U6,L2,Trace / function unresolved; no certified NC flag
U6A,L,Unpopulated footprint
U6A,R1,Unpopulated footprint
U6A,R2,Unpopulated footprint
U7,1,Unpopulated footprint
U7,2,Unpopulated footprint
U7,3,Unpopulated footprint
VREF,1,Trace / function unresolved; no certified NC flag
