test_id,probe_1,probe_2,reading,reverse_reading,notes
A1,V047,V108,SKIP,,RC0 resolved to V091
A2,V047,V102,SKIP,,RC0 resolved to V091
A3,V047,V097,SKIP,,RC0 resolved to V091
A4,V047,V091,connected,,User report; numerical ohms not supplied
B1,V053,V071,not connected,,User rejects direct connection; numerical ohms not supplied
B2,V064,V063,connected,,User report; numerical ohms not supplied
B3,V064,V070,,,
C1,V090,V095,OL,,User report; no direct connection from V090
C2,V090,V100,OL,,User report; no direct connection from V090
C3,V090,V103,OL,,User report; no direct connection from V090
C4,V090,V107,OL,,User report; no direct connection from V090
