id,active,rear_x,rear_y,front_x,front_y,rear_appearance,front_match,review_status,user_claims,endpoints,net,modeled_nets,component_crosscheck,conflict
V001,True,66,1706,66,1706,REAR_CLEARANCE,PROJECTED: inspect original front photo; may be under a component,ASSIGNED,Same net as MX512H/U5 pin4 VDD,U5.4,H_VBAT,H_VBAT,"MX512H motor VDD, distinct from logic VCC pin1.",
V002,True,66,1828,66,1828,REAR_CLEARANCE,PROJECTED: inspect original front photo; may be under a component,ASSIGNED,Same net as MX512H/U5 pin4 VDD,U5.4,H_VBAT,H_VBAT,"MX512H motor VDD, distinct from logic VCC pin1.",
V003,True,178,506,178,506,REAR_CLEARANCE,PROJECTED: inspect original front photo; may be under a component,ASSIGNED,Same net as MX512H/U5 pin4 VDD,C27.1,H_VBAT,H_VBAT,C27 left photo pad on user motor-supply island.,
V004,True,178,630,178,630,REAR_CLEARANCE,PROJECTED: inspect original front photo; may be under a component,ASSIGNED,Same net as MX512H/U5 pin4 VDD,C27.1,H_VBAT,H_VBAT,C27 left photo pad on user motor-supply island.,
V005,True,186,1708,186,1708,REAR_CLEARANCE,PROJECTED: inspect original front photo; may be under a component,ASSIGNED,Same net as MX512H/U5 pin4 VDD,,H_VBAT,,,
V006,True,208,2096,208,2096,MAIN_REAR_COPPER,PROJECTED: inspect original front photo; may be under a component,ASSIGNED,GND,,H_GND,,,
V007,True,682,1794,682,1794,REAR_CLEARANCE,PROJECTED: inspect original front photo; may be under a component,ASSIGNED,GND,,H_GND,,,
V008,True,750,430,750,430,MAIN_REAR_COPPER,PROJECTED: inspect original front photo; may be under a component,ASSIGNED,GND,C27.2,H_GND,H_GND,C27 right photo pad on user GND island.,
V009,True,750,580,750,580,MAIN_REAR_COPPER,PROJECTED: inspect original front photo; may be under a component,ASSIGNED,GND,C27.2,H_GND,H_GND,C27 right photo pad on user GND island.,
V010,True,750,714,750,714,MAIN_REAR_COPPER,PROJECTED: inspect original front photo; may be under a component,ASSIGNED,GND,C27.2,H_GND,H_GND,C27 right photo pad on user GND island.,
V011,True,892,1826,892,1826,REAR_CLEARANCE,PROJECTED: inspect original front photo; may be under a component,ASSIGNED,Q1 pin; exact terminal to derive,Q1.L;R43.2,Q1_EMITTER,Q1_EMITTER,Photo common island to Q1 left pad and R43 lower pad; transistor pin function still a candidate.,
V012,True,894,1672,894,1672,REAR_CLEARANCE,PROJECTED: inspect original front photo; may be under a component,ASSIGNED,Q1 pin; exact terminal to derive,Q1.L;R43.2,Q1_EMITTER,Q1_EMITTER,Photo common island to Q1 left pad and R43 lower pad; transistor pin function still a candidate.,
V013,True,1042,1678,1042,1678,REAR_CLEARANCE,PROJECTED: inspect original front photo; may be under a component,ASSIGNED,Q1 pin; exact terminal to derive,Q1.L;R43.2,Q1_EMITTER,Q1_EMITTER,Photo common island to Q1 left pad and R43 lower pad; transistor pin function still a candidate.,
V014,True,1046,1826,1046,1826,REAR_CLEARANCE,PROJECTED: inspect original front photo; may be under a component,ASSIGNED,Q1 pin; exact terminal to derive,Q1.L;R43.2,Q1_EMITTER,Q1_EMITTER,Photo common island to Q1 left pad and R43 lower pad; transistor pin function still a candidate.,
V015,True,1218,1862,1218,1862,REAR_CLEARANCE,PROJECTED: inspect original front photo; may be under a component,USER_REPORTED,Not clear,,,,,
V016,True,1224,1224,1224,1224,REAR_CLEARANCE,PROJECTED: inspect original front photo; may be under a component,NOT_IN_USER_LIST,,,,,,
V017,True,1232,1520,1232,1520,REAR_CLEARANCE,PROJECTED: inspect original front photo; may be under a component,NOT_IN_USER_LIST,,,,,,
V018,True,1290,840,1290,840,MAIN_REAR_COPPER,PROJECTED: inspect original front photo; may be under a component,ASSIGNED,GND,,H_GND,,,
V019,True,1302,1112,1302,1112,REAR_CLEARANCE,PROJECTED: inspect original front photo; may be under a component,NOT_IN_USER_LIST,,,,,,
V020,True,1640,826,1640,826,REAR_CLEARANCE,PROJECTED: inspect original front photo; may be under a component,NOT_IN_USER_LIST,,,,,,
V021,True,1650,614,1650,614,MAIN_REAR_COPPER,PROJECTED: inspect original front photo; may be under a component,ASSIGNED,GND,Q9.R,H_GND,H_GND,Q9 DNP lower-right pad; stock pin2.,
V022,True,1956,1032,1956,1032,REAR_CLEARANCE,PROJECTED: inspect original front photo; may be under a component,USER_REPORTED,PIC U4.15 / RC4,U4.15,,,User RC4 association; hidden onward destination unknown.,
V023,True,1958,876,1958,876,REAR_CLEARANCE,PROJECTED: inspect original front photo; may be under a component,USER_REPORTED,PIC U4.16 / RC5,U4.16,,,User RC5 association; hidden onward destination unknown.,
V024,True,1970,398,1970,398,MAIN_REAR_COPPER,PROJECTED: inspect original front photo; may be under a component,ASSIGNED,GND,R32.1,H_GND,H_GND,R32 upper photo pad. Old PIR assignment withdrawn.,
V025,True,2134,890,2125,900,MAIN_REAR_COPPER,MANUALLY MATCHED,ASSIGNED,GND,C41.2,H_GND,H_GND,,
V026,True,2646,1030,2658,1055,REAR_CLEARANCE,MANUALLY MATCHED,USER_REPORTED,PIC pin21/RB0; onward destination unknown,U4.21,,,User correction: V026 goes to PIC21/RB0; remote destination remains unknown.,
V027,True,2688,522,2685,542,MAIN_REAR_COPPER,MANUALLY MATCHED,PHOTO_LOCAL,,D5.2,H_GND,H_GND,,
V028,True,2732,2278,2738,2262,MAIN_REAR_COPPER,MANUALLY MATCHED,PHOTO_LOCAL,,C26.2,H_GND,H_GND,,
V029,True,2736,1932,2736,1932,MAIN_REAR_COPPER,PROJECTED: inspect original front photo; may be under a component,ASSIGNED,GND,,H_GND,,,
V030,True,2760,262,2752,292,MAIN_REAR_COPPER,MANUALLY MATCHED,PHOTO_LOCAL,,D4.2,H_GND,H_GND,,
V031,True,2852,1848,2852,1848,REAR_CLEARANCE,PROJECTED: inspect original front photo; may be under a component,ASSIGNED,PIC RA0 / U4.2 and C25,U4.2;C25.1,PIC_RA0_FILTER,PIC_RA0_FILTER,User RA0/C25 association corroborates existing local signal node.,
V032,True,2906,1342,2906,1342,MAIN_REAR_COPPER,PROJECTED: inspect original front photo; may be under a component,ASSIGNED,GND,,H_GND,,,
V033,True,2910,1612,2910,1612,MAIN_REAR_COPPER,PROJECTED: inspect original front photo; may be under a component,NOT_IN_USER_LIST,,,,,,
V034,True,3028,80,3028,80,OTHER_REAR_REGION,PROJECTED: inspect original front photo; may be under a component,ASSIGNED,Same net as MX512H/U5 pin4 VDD,,H_VBAT,,,
V035,True,3056,1848,3056,1848,REAR_CLEARANCE,PROJECTED: inspect original front photo; may be under a component,PHOTO_LOCAL,,U4.4;C39.1,PIC_RA2_FILTER,PIC_RA2_FILTER,Visible local C39 signal-pad route to PIC RA2; remote net unverified.,
V036,True,3166,1296,3166,1296,REAR_CLEARANCE,PROJECTED: inspect original front photo; may be under a component,NOT_IN_USER_LIST,,,,,Alignment hypothesis under PIC body only; requires continuity. Not a traced connection or NC.,
V037,True,3264,1384,3264,1384,REAR_CLEARANCE,PROJECTED: inspect original front photo; may be under a component,NOT_IN_USER_LIST,,,,,Alignment hypothesis under PIC body only; requires continuity. Not a traced connection or NC.,
V038,True,3274,1750,3288,1760,MAIN_REAR_COPPER,MANUALLY MATCHED,PHOTO_LOCAL,,C39.2,H_GND,H_GND,,
V039,True,3370,1296,3370,1296,REAR_CLEARANCE,PROJECTED: inspect original front photo; may be under a component,NOT_IN_USER_LIST,,,,,Alignment hypothesis under PIC body only; requires continuity. Not a traced connection or NC.,
V040,True,3428,202,3428,202,MAIN_REAR_COPPER,PROJECTED: inspect original front photo; may be under a component,ASSIGNED,GND,,H_GND,,,
V041,True,3476,1694,3485,1698,MAIN_REAR_COPPER,MANUALLY MATCHED,ASSIGNED,GND,U4.8,H_GND,H_GND,,
V042,True,3480,506,3492,540,REAR_CLEARANCE,MANUALLY MATCHED,PHOTO_LOCAL,,U4.20;C32.1,H_VDD,H_VDD,,
V043,True,3480,1396,3480,1396,MAIN_REAR_COPPER,PROJECTED: inspect original front photo; may be under a component,ASSIGNED,GND,,H_GND,,,
V044,True,3694,852,3694,852,MAIN_REAR_COPPER,PROJECTED: inspect original front photo; may be under a component,ASSIGNED,GND,,H_GND,,,
V045,True,3700,404,3715,432,MAIN_REAR_COPPER,MANUALLY MATCHED,ASSIGNED,GND,U4.19;C32.2,H_GND,H_GND,,
V046,True,3728,2342,3728,2342,MAIN_REAR_COPPER,PROJECTED: inspect original front photo; may be under a component,ASSIGNED,GND,,H_GND,,,
V047,True,3790,1378,3790,1378,REAR_CLEARANCE,PROJECTED: inspect original front photo; may be under a component,NOT_IN_USER_LIST,,,,,Alignment hypothesis under PIC body only; requires continuity. Not a traced connection or NC.,
V048,True,3790,1712,3790,1712,MAIN_REAR_COPPER,PROJECTED: inspect original front photo; may be under a component,ASSIGNED,GND,,H_GND,,,
V049,True,4000,1378,4000,1378,REAR_CLEARANCE,PROJECTED: inspect original front photo; may be under a component,NOT_IN_USER_LIST,,,,,Alignment hypothesis under PIC body only; requires continuity. Not a traced connection or NC.,
V050,False,4002,1710,4002,1710,MAIN_REAR_COPPER,PROJECTED: inspect original front photo; may be under a component,REJECTED_NOT_VIA,Not a via; wrong recognition,,,,,
V051,True,4264,700,4264,700,MAIN_REAR_COPPER,PROJECTED: inspect original front photo; may be under a component,ASSIGNED,GND,,H_GND,,,
V052,True,4440,1114,4440,1114,MAIN_REAR_COPPER,PROJECTED: inspect original front photo; may be under a component,ASSIGNED,GND,,H_GND,,,
V053,True,4568,1694,4592,1698,REAR_CLEARANCE,MANUALLY MATCHED,PHOTO_LOCAL,,U4.12;VREF.1,PIC_RC1_VREF,PIC_RC1_VREF,Visible trace reaches VREF board pad. This local pad connection does not identify an onward buried net.,
V054,True,4620,338,4620,338,MAIN_REAR_COPPER,PROJECTED: inspect original front photo; may be under a component,ASSIGNED,GND,,H_GND,,,
V055,True,4630,2274,4630,2274,MAIN_REAR_COPPER,PROJECTED: inspect original front photo; may be under a component,ASSIGNED,GND,,H_GND,,,
V056,True,4768,168,4768,168,OTHER_REAR_REGION,PROJECTED: inspect original front photo; may be under a component,ASSIGNED,Same net as MX512H/U5 pin4 VDD,,H_VBAT,,,
V057,True,5056,956,5056,956,MAIN_REAR_COPPER,PROJECTED: inspect original front photo; may be under a component,ASSIGNED,GND,R2.1;C4.1,H_GND,H_GND,DNP option free pads in the front ground copper.,
V058,True,5060,840,5060,840,MAIN_REAR_COPPER,PROJECTED: inspect original front photo; may be under a component,ASSIGNED,GND,R2.1;C4.1,H_GND,H_GND,DNP option free pads in the front ground copper.,
V059,True,5168,584,5168,584,OTHER_REAR_REGION,PROJECTED: inspect original front photo; may be under a component,ASSIGNED,Same net as MX512H/U5 pin4 VDD,,H_VBAT,,,
V060,True,5168,1424,5168,1424,MAIN_REAR_COPPER,PROJECTED: inspect original front photo; may be under a component,ASSIGNED,GND,,H_GND,,,
V061,True,5170,454,5170,454,MAIN_REAR_COPPER,PROJECTED: inspect original front photo; may be under a component,ASSIGNED,Same net as MX512H/U5 pin4 VDD,,H_VBAT,,,
V062,True,5238,2274,5238,2274,MAIN_REAR_COPPER,PROJECTED: inspect original front photo; may be under a component,ASSIGNED,GND,,H_GND,,,
V063,True,5306,2070,5306,2070,REAR_CLEARANCE,PROJECTED: inspect original front photo; may be under a component,ASSIGNED,R39 and R37,R37.1;R39.2,AUX_FEED_V063,AUX_FEED_V063,Common lower ends in IMG_2435. Feed voltage/source unknown; old separate VDD/GND guesses withdrawn.,
V064,True,5376,582,5376,582,REAR_CLEARANCE,PROJECTED: inspect original front photo; may be under a component,ASSIGNED,VDD and R1/C3 (supply identity to distinguish),R1.1;C3.1;VDD.1;U1.R1,H_VDD,H_VDD,Regulated board VDD island. Do not equate this use of VDD with MX512H motor pin4.,
V065,True,6032,538,6032,538,MAIN_REAR_COPPER,PROJECTED: inspect original front photo; may be under a component,ASSIGNED,GND,,H_GND,,,
V066,True,6032,682,6032,682,MAIN_REAR_COPPER,PROJECTED: inspect original front photo; may be under a component,ASSIGNED,GND,,H_GND,,,
V067,True,6154,1902,6154,1902,REAR_CLEARANCE,PROJECTED: inspect original front photo; may be under a component,USER_REPORTED,U6A,U6A.R1,,,Unpopulated U6A upper-right pad to via; remote destination unknown.,
V068,True,6354,1674,6354,1674,MAIN_REAR_COPPER,PROJECTED: inspect original front photo; may be under a component,ASSIGNED,GND,,H_GND,,,
V069,True,6354,2096,6354,2096,MAIN_REAR_COPPER,PROJECTED: inspect original front photo; may be under a component,ASSIGNED,GND,,H_GND,,,
V070,True,6362,702,6362,702,REAR_CLEARANCE,PROJECTED: inspect original front photo; may be under a component,USER_REPORTED,R18,R18.1,,H_VDD,"R18 free end; former supply assignment remains an inference, not established by component association alone.",
V071,True,6528,966,6528,966,REAR_CLEARANCE,PROJECTED: inspect original front photo; may be under a component,USER_REPORTED,R21,R21.2,,H_RX_BIAS,R21 left/free end in receiver photo; shared bias hypothesis not confirmed by this via report.,
V072,True,6540,1178,6540,1178,REAR_CLEARANCE,PROJECTED: inspect original front photo; may be under a component,USER_REPORTED,R22,R22.2,,H_RX_BIAS,R22 left/free end in receiver photo; shared bias hypothesis not confirmed by this via report.,
V073,True,6650,1362,6650,1362,MAIN_REAR_COPPER,PROJECTED: inspect original front photo; may be under a component,CONFLICT,GND; R19 (also reported GND; possible V075),,,,,User number duplicated: GND and R19. R19 photo endpoint appears at V075. Do not ground R19 from this duplicate.
V074,True,6668,328,6668,328,MAIN_REAR_COPPER,PROJECTED: inspect original front photo; may be under a component,ASSIGNED,GND,,H_GND,,,
V075,True,6750,834,6750,834,REAR_CLEARANCE,PROJECTED: inspect original front photo; may be under a component,NOT_IN_USER_LIST,,R19.2,,H_RX_ENABLE_CTL,R19 right/free end visibly reaches this site. Likely correction of duplicated V073; awaiting user confirmation.,
V076,True,6880,1148,6880,1148,MAIN_REAR_COPPER,PROJECTED: inspect original front photo; may be under a component,ASSIGNED,GND; GND and R22,R22.1,H_GND,H_GND,R22 opposite/right photo pad; user GND corroborates return.,
V077,True,7118,2258,7118,2258,MAIN_REAR_COPPER,PROJECTED: inspect original front photo; may be under a component,ASSIGNED,GND,,H_GND,,,
V078,True,7122,334,7122,334,MAIN_REAR_COPPER,PROJECTED: inspect original front photo; may be under a component,ASSIGNED,GND,,H_GND,,,
V079,True,7364,1296,7364,1296,REAR_CLEARANCE,PROJECTED: inspect original front photo; may be under a component,NOT_IN_USER_LIST,,,,,,
V080,True,7462,1126,7462,1126,REAR_CLEARANCE,PROJECTED: inspect original front photo; may be under a component,NOT_IN_USER_LIST,,,,,,
V081,True,7568,328,7568,328,MAIN_REAR_COPPER,PROJECTED: inspect original front photo; may be under a component,ASSIGNED,GND,,H_GND,,,
V082,True,7890,1890,7890,1890,REAR_CLEARANCE,PROJECTED: inspect original front photo; may be under a component,USER_REPORTED,D3,,,,User associates D3; exact terminal on three-lead package still requires local confirmation.,
V083,True,8010,334,8010,334,MAIN_REAR_COPPER,PROJECTED: inspect original front photo; may be under a component,ASSIGNED,GND,,H_GND,,,
V084,True,8012,822,8012,822,MAIN_REAR_COPPER,PROJECTED: inspect original front photo; may be under a component,ASSIGNED,GND,,H_GND,,,
V085,True,8022,1322,8022,1322,MAIN_REAR_COPPER,PROJECTED: inspect original front photo; may be under a component,ASSIGNED,GND,,H_GND,,,
V086,True,8032,1604,8032,1604,MAIN_REAR_COPPER,PROJECTED: inspect original front photo; may be under a component,ASSIGNED,GND,,H_GND,,,
V087,True,8036,2166,8036,2166,MAIN_REAR_COPPER,PROJECTED: inspect original front photo; may be under a component,ASSIGNED,GND,C47.1;C44.1;C29.1;C14.1;C11.1,H_GND,H_GND,Shared lower front-capacitor band; old antenna rail assumption withdrawn.,
V088,True,8038,1888,8038,1888,MAIN_REAR_COPPER,PROJECTED: inspect original front photo; may be under a component,ASSIGNED,GND,C47.1;C44.1;C29.1;C14.1;C11.1,H_GND,H_GND,Shared lower front-capacitor band; old antenna rail assumption withdrawn.,
V089,True,8150,494,8150,494,OTHER_REAR_REGION,PROJECTED: inspect original front photo; may be under a component,ASSIGNED,GND,Q11.L,H_GND,H_GND,Photo left transistor pad to user GND via; assumed emitter role not confirmed.,
V090,True,8254,1460,8254,1460,REAR_COMPONENT_PAD,PROJECTED: inspect original front photo; may be under a component,ASSIGNED,C46/C47 junction,C46.2;C47.2;C48.2,TUNE_5_MID,TUNE_5_MID,User front-pair junction plus rear-land photo pairing; onward hidden connection to antenna remains unknown.,
V091,True,8394,232,8394,232,OTHER_REAR_REGION,PROJECTED: inspect original front photo; may be under a component,NOT_IN_USER_LIST,,,,,,
V092,True,8394,798,8394,798,OTHER_REAR_REGION,PROJECTED: inspect original front photo; may be under a component,ASSIGNED,GND,,H_GND,,,
V093,True,8396,1460,8396,1460,OTHER_REAR_REGION,PROJECTED: inspect original front photo; may be under a component,ASSIGNED,GND,C48.1,H_GND,H_GND,Rear capacitor ground-side land; other pad joins local tuning midpoint.,
V094,True,8466,494,8466,494,OTHER_REAR_REGION,PROJECTED: inspect original front photo; may be under a component,ASSIGNED,GND,Q6.L,H_GND,H_GND,Photo left transistor pad to user GND via; assumed emitter role not confirmed.,
V095,True,8528,1460,8528,1460,REAR_COMPONENT_PAD,PROJECTED: inspect original front photo; may be under a component,ASSIGNED,C43/C44 junction,C43.2;C44.2;C45.2,TUNE_4_MID,TUNE_4_MID,User front-pair junction plus rear-land photo pairing; onward hidden connection to antenna remains unknown.,
V096,True,8656,1460,8656,1460,OTHER_REAR_REGION,PROJECTED: inspect original front photo; may be under a component,ASSIGNED,GND,C45.1,H_GND,H_GND,Rear capacitor ground-side land; other pad joins local tuning midpoint.,
V097,True,8706,232,8706,232,OTHER_REAR_REGION,PROJECTED: inspect original front photo; may be under a component,NOT_IN_USER_LIST,,,,,,
V098,True,8706,800,8706,800,OTHER_REAR_REGION,PROJECTED: inspect original front photo; may be under a component,ASSIGNED,GND,,H_GND,,,
V099,True,8790,494,8790,494,OTHER_REAR_REGION,PROJECTED: inspect original front photo; may be under a component,ASSIGNED,GND,Q5.L,H_GND,H_GND,Photo left transistor pad to user GND via; assumed emitter role not confirmed.,
V100,True,8800,1456,8800,1456,REAR_COMPONENT_PAD,PROJECTED: inspect original front photo; may be under a component,ASSIGNED,C16/C29 junction,C16.2;C29.2;C38.2,TUNE_3_MID,TUNE_3_MID,User front-pair junction plus rear-land photo pairing; onward hidden connection to antenna remains unknown.,
V101,True,8928,1460,8928,1460,OTHER_REAR_REGION,PROJECTED: inspect original front photo; may be under a component,ASSIGNED,GND,C38.1,H_GND,H_GND,Rear capacitor ground-side land; other pad joins local tuning midpoint.,
V102,True,9030,232,9030,232,OTHER_REAR_REGION,PROJECTED: inspect original front photo; may be under a component,NOT_IN_USER_LIST,,,,,,
V103,True,9060,1460,9060,1460,REAR_COMPONENT_PAD,PROJECTED: inspect original front photo; may be under a component,ASSIGNED,C13/C14 junction,C13.2;C14.2;C15.2,TUNE_2_MID,TUNE_2_MID,User front-pair junction plus rear-land photo pairing; onward hidden connection to antenna remains unknown.,
V104,True,9100,496,9100,496,OTHER_REAR_REGION,PROJECTED: inspect original front photo; may be under a component,ASSIGNED,GND,Q4.L,H_GND,H_GND,Photo left transistor pad to user GND via; assumed emitter role not confirmed.,
V105,True,9192,1460,9192,1460,OTHER_REAR_REGION,PROJECTED: inspect original front photo; may be under a component,ASSIGNED,GND,C15.1,H_GND,H_GND,Rear capacitor ground-side land; other pad joins local tuning midpoint.,
V106,True,9200,2282,9200,2282,OTHER_REAR_REGION,PROJECTED: inspect original front photo; may be under a component,ASSIGNED,GND,,H_GND,,,
V107,True,9338,1460,9338,1460,REAR_COMPONENT_PAD,PROJECTED: inspect original front photo; may be under a component,ASSIGNED,C10/C11 junction,C10.2;C11.2;C12.2,TUNE_1_MID,TUNE_1_MID,User front-pair junction plus rear-land photo pairing; onward hidden connection to antenna remains unknown.,
V108,True,9340,232,9340,232,OTHER_REAR_REGION,PROJECTED: inspect original front photo; may be under a component,NOT_IN_USER_LIST,,,,,,
V109,True,9480,2282,9480,2282,OTHER_REAR_REGION,PROJECTED: inspect original front photo; may be under a component,ASSIGNED,GND,,H_GND,,,
V110,True,9688,954,9688,954,OTHER_REAR_REGION,PROJECTED: inspect original front photo; may be under a component,ASSIGNED,GND,,H_GND,,,
V111,True,9702,1676,9702,1676,OTHER_REAR_REGION,PROJECTED: inspect original front photo; may be under a component,ASSIGNED,GND,,H_GND,,,
V112,True,10112,1436,10112,1436,OTHER_REAR_REGION,PROJECTED: inspect original front photo; may be under a component,ASSIGNED,GND,,H_GND,,,
V113,True,10336,2420,10336,2420,OTHER_REAR_REGION,PROJECTED: inspect original front photo; may be under a component,CONFLICT,GND,Q8.B1;Q8.B3,,H_RF_OUT_CAND,Outer joined Q8 pads appear on this front island; GND report conflicts with old output hypothesis. No GND merge applied.,User GND conflicts with Q8 outer joined-pad/output model. Check direct resistance to GND; component-net merge held.
V114,True,10346,1270,10346,1270,OTHER_REAR_REGION,PROJECTED: inspect original front photo; may be under a component,ASSIGNED,GND,,H_GND,,,
V115,True,10440,2420,10440,2420,OTHER_REAR_REGION,PROJECTED: inspect original front photo; may be under a component,CONFLICT,GND,Q8.B1;Q8.B3,,H_RF_OUT_CAND,Outer joined Q8 pads appear on this front island; GND report conflicts with old output hypothesis. No GND merge applied.,User GND conflicts with Q8 outer joined-pad/output model. Check direct resistance to GND; component-net merge held.
V116,True,10500,764,10500,764,OTHER_REAR_REGION,PROJECTED: inspect original front photo; may be under a component,ASSIGNED,GND,R10.2,H_GND,H_GND,R10 free end; no longer singleton monitor hypothesis.,
V117,True,10604,2390,10604,2390,OTHER_REAR_REGION,PROJECTED: inspect original front photo; may be under a component,NOT_IN_USER_LIST,,,,,,
V118,True,10610,1728,10610,1728,OTHER_REAR_REGION,PROJECTED: inspect original front photo; may be under a component,ASSIGNED,GND,,H_GND,,,
V119,True,10612,1348,10612,1348,OTHER_REAR_REGION,PROJECTED: inspect original front photo; may be under a component,NOT_IN_USER_LIST,,,,,,
V120,True,10704,2372,10704,2372,OTHER_REAR_REGION,PROJECTED: inspect original front photo; may be under a component,NOT_IN_USER_LIST,,,,,,
V121,True,10880,2390,10880,2390,OTHER_REAR_REGION,PROJECTED: inspect original front photo; may be under a component,ASSIGNED,GND,,H_GND,,,
V122,True,10974,2222,10974,2222,OTHER_REAR_REGION,PROJECTED: inspect original front photo; may be under a component,NOT_IN_USER_LIST,,,,,,
V123,True,10980,2520,10980,2520,OTHER_REAR_REGION,PROJECTED: inspect original front photo; may be under a component,ASSIGNED,GND,,H_GND,,,
V124,True,11200,2102,11200,2102,OTHER_REAR_REGION,PROJECTED: inspect original front photo; may be under a component,NOT_IN_USER_LIST,,,,,,
V125,True,11398,2394,11398,2394,OTHER_REAR_REGION,PROJECTED: inspect original front photo; may be under a component,ASSIGNED,GND,,H_GND,,,
V126,True,11600,2152,11600,2152,OTHER_REAR_REGION,PROJECTED: inspect original front photo; may be under a component,ASSIGNED,GND,,H_GND,,,
V127,True,11634,248,11634,248,OTHER_REAR_REGION,PROJECTED: inspect original front photo; may be under a component,ASSIGNED,GND,,H_GND,,,
